User_ID,Incident_Date,Attack_Vector,Attack_Sophistication,MFA_Type,Monitoring_Level,Privilege_Type,Is_Compromised,Time_to_Compromise_Days,Financial_Loss_USD,Detected,Year,MFA_Bypassed
1,2021-01-16,SIM_Swap,Low,SMS,Weak,Standard_User,0,1095,0.0,0,2021,No
2,2025-05-14,Phishing,High,SMS,Weak,Standard_User,0,1095,0.0,0,2025,No
3,2021-08-31,Token_Theft,Medium,SMS,Strong,Standard_User,0,1095,0.0,0,2021,No
4,2024-05-15,Phishing,Medium,TOTP,Weak,Standard_User,0,1095,0.0,0,2024,No
5,2023-07-01,AiTM_Proxy,Low,SMS,Weak,Standard_User,0,1095,0.0,0,2023,No
6,2024-07-18,AiTM_Proxy,Low,TOTP,Moderate,Standard_User,0,1095,0.0,0,2024,No
7,2023-01-31,Token_Theft,Low,TOTP,Moderate,Standard_User,0,1095,0.0,0,2023,No
8,2025-12-08,Phishing,High,SMS,Moderate,Standard_User,0,1095,0.0,0,2025,No
9,2022-12-06,Token_Theft,Medium,SMS,Weak,Standard_User,0,1095,0.0,0,2022,No
10,2025-10-20,Phishing,Medium,SMS,Moderate,Standard_User,0,366,0.0,1,2025,No
11,2021-04-25,SIM_Swap,Low,TOTP,Weak,Standard_User,0,1095,0.0,0,2021,No
12,2025-05-23,AiTM_Proxy,High,TOTP,Weak,Standard_User,0,1095,0.0,0,2025,No
13,2024-08-15,Token_Theft,Medium,TOTP,Strong,Standard_User,0,1095,0.0,0,2024,No
14,2025-02-15,SIM_Swap,Low,SMS,Weak,Standard_User,0,1095,0.0,0,2025,No
15,2022-02-01,SIM_Swap,Low,SMS,Moderate,Standard_User,0,1095,0.0,0,2022,No
16,2022-01-29,Token_Theft,Low,SMS,Moderate,Standard_User,0,1095,0.0,0,2022,No
17,2024-01-04,Token_Theft,Low,NO_MFA,Moderate,Standard_User,0,1095,0.0,0,2024,No
18,2023-09-05,SIM_Swap,Medium,SMS,Strong,Standard_User,0,26,0.0,1,2023,No
19,2025-02-14,Phishing,Low,SMS,Weak,Standard_User,0,1095,0.0,0,2025,No
20,2024-02-01,SIM_Swap,Low,SMS,Moderate,Standard_User,0,1095,0.0,0,2024,No
21,2021-10-24,Token_Theft,Medium,SMS,Strong,Standard_User,0,1095,0.0,0,2021,No
22,2023-09-29,SIM_Swap,Low,SMS,Moderate,Standard_User,0,1095,0.0,0,2023,No
23,2021-06-27,Phishing,Low,TOTP,Strong,Standard_User,0,1095,0.0,0,2021,No
24,2024-05-23,AiTM_Proxy,Low,SMS,Weak,Standard_User,0,1095,0.0,0,2024,No
25,2023-08-25,AiTM_Proxy,Low,SMS,Moderate,Standard_User,0,1095,0.0,0,2023,No
26,2021-11-11,SIM_Swap,Medium,SMS,Weak,Standard_User,0,1095,0.0,0,2021,No
27,2023-11-29,Phishing,Low,SMS,Moderate,Standard_User,0,1095,0.0,0,2023,No
28,2021-09-16,AiTM_Proxy,Medium,TOTP,Strong,Standard_User,0,1095,0.0,0,2021,No
29,2025-10-06,SIM_Swap,Medium,SMS,Weak,Standard_User,0,1095,0.0,0,2025,No
30,2021-01-07,SIM_Swap,Low,SMS,Moderate,Standard_User,0,1095,0.0,0,2021,No
31,2021-02-18,Phishing,Medium,SMS,Weak,Standard_User,0,1095,0.0,0,2021,No
32,2025-04-11,Token_Theft,Low,TOTP,Moderate,Standard_User,0,1095,0.0,0,2025,No
33,2021-06-10,SIM_Swap,Low,SMS,Moderate,Standard_User,0,1095,0.0,0,2021,No
34,2021-06-25,Token_Theft,High,SMS,Strong,Standard_User,0,48,0.0,1,2021,No
35,2025-06-03,Token_Theft,High,SMS,Moderate,Standard_User,0,122,0.0,1,2025,No
36,2023-10-23,AiTM_Proxy,Medium,SMS,Moderate,Standard_User,0,1095,0.0,0,2023,No
37,2023-09-28,Token_Theft,Low,TOTP,Weak,Standard_User,0,1095,0.0,0,2023,No
38,2022-03-31,Phishing,Low,SMS,Weak,Admin,0,1095,0.0,0,2022,No
39,2025-07-26,AiTM_Proxy,Medium,TOTP,Weak,Standard_User,0,1095,0.0,0,2025,No
40,2021-10-03,AiTM_Proxy,Low,NO_MFA,Weak,Standard_User,0,1095,0.0,0,2021,No
41,2022-05-13,AiTM_Proxy,Low,SMS,Strong,Standard_User,0,1095,0.0,0,2022,No
42,2025-07-11,SIM_Swap,Low,TOTP,Moderate,Admin,0,1095,0.0,0,2025,No
43,2022-11-07,SIM_Swap,Low,NO_MFA,Moderate,Standard_User,0,1095,0.0,0,2022,No
44,2025-12-29,Token_Theft,High,SMS,Weak,Standard_User,0,1095,0.0,0,2025,No
45,2023-11-18,AiTM_Proxy,Low,SMS,Strong,Standard_User,0,1095,0.0,0,2023,No
46,2024-09-18,AiTM_Proxy,Medium,SMS,Moderate,Standard_User,0,1095,0.0,0,2024,No
47,2023-10-22,Phishing,Low,TOTP,Weak,Standard_User,0,1095,0.0,0,2023,No
48,2024-04-26,Token_Theft,Medium,SMS,Moderate,Standard_User,0,67,0.0,0,2024,No
49,2021-02-25,Phishing,Medium,SMS,Moderate,Standard_User,0,1095,0.0,0,2021,No
50,2022-07-01,Token_Theft,Low,TOTP,Weak,Standard_User,0,36,0.0,1,2022,No
51,2024-02-10,Token_Theft,High,SMS,Moderate,Standard_User,0,1095,0.0,0,2024,No
52,2025-12-27,SIM_Swap,Medium,TOTP,Moderate,Standard_User,0,1095,0.0,0,2025,No
53,2024-08-26,SIM_Swap,High,SMS,Weak,Standard_User,0,1095,0.0,0,2024,No
54,2021-02-05,Phishing,High,TOTP,Strong,Standard_User,0,351,0.0,1,2021,No
55,2022-03-15,Token_Theft,Medium,TOTP,Strong,Standard_User,0,1095,0.0,0,2022,No
56,2025-10-19,AiTM_Proxy,High,SMS,Moderate,Admin,0,70,0.0,0,2025,No
57,2025-06-04,SIM_Swap,Low,SMS,Moderate,Standard_User,0,1095,0.0,0,2025,No
58,2022-08-18,AiTM_Proxy,Low,SMS,Moderate,Standard_User,0,1095,0.0,0,2022,No
59,2025-05-20,Phishing,Low,SMS,Moderate,Standard_User,0,149,0.0,1,2025,No
60,2024-09-10,SIM_Swap,Low,SMS,Moderate,Admin,0,312,0.0,0,2024,No
61,2025-07-22,SIM_Swap,Low,SMS,Weak,Standard_User,0,1095,0.0,0,2025,No
62,2021-11-03,Token_Theft,Low,TOTP,Moderate,Standard_User,0,1095,0.0,0,2021,No
63,2025-04-07,Phishing,Medium,NO_MFA,Strong,Standard_User,0,1095,0.0,0,2025,No
64,2025-10-18,Token_Theft,Low,TOTP,Moderate,Standard_User,0,1095,0.0,0,2025,No
65,2022-09-11,SIM_Swap,Low,SMS,Weak,Standard_User,0,1095,0.0,0,2022,No
66,2024-02-07,Phishing,Medium,TOTP,Moderate,Standard_User,0,72,0.0,1,2024,No
67,2024-10-27,SIM_Swap,Low,SMS,Weak,Standard_User,0,1095,0.0,0,2024,No
68,2021-12-23,Phishing,Medium,SMS,Weak,Admin,0,1095,0.0,0,2021,No
69,2021-06-30,SIM_Swap,Low,SMS,Weak,Standard_User,0,1095,0.0,0,2021,No
70,2024-10-11,AiTM_Proxy,High,NO_MFA,Moderate,Standard_User,0,1095,0.0,0,2024,No
71,2025-08-27,AiTM_Proxy,Medium,SMS,Moderate,Standard_User,0,1095,0.0,0,2025,No
72,2021-03-09,Token_Theft,Low,SMS,Moderate,Standard_User,0,1095,0.0,0,2021,No
73,2021-10-19,AiTM_Proxy,Low,TOTP,Weak,Standard_User,0,1095,0.0,0,2021,No
74,2022-11-23,SIM_Swap,Medium,SMS,Strong,Standard_User,0,473,0.0,1,2022,No
75,2021-06-30,SIM_Swap,Medium,TOTP,Strong,Standard_User,0,1095,0.0,0,2021,No
76,2025-01-29,AiTM_Proxy,Medium,TOTP,Strong,Standard_User,0,1095,0.0,0,2025,No
77,2022-03-10,Token_Theft,Medium,TOTP,Weak,Standard_User,0,1095,0.0,0,2022,No
78,2025-01-27,AiTM_Proxy,Low,SMS,Moderate,Standard_User,0,1095,0.0,0,2025,No
79,2025-09-01,Phishing,Low,SMS,Strong,Standard_User,0,364,0.0,0,2025,No
80,2023-07-03,Phishing,Low,SMS,Moderate,Standard_User,0,1095,0.0,0,2023,No
81,2025-04-07,Phishing,High,SMS,Weak,Standard_User,0,615,0.0,0,2025,No
82,2021-03-07,AiTM_Proxy,Medium,TOTP,Weak,Standard_User,0,1095,0.0,0,2021,No
14,2023-11-11,Phishing,Low,TOTP,Moderate,Standard_User,1,1095,248124.9,0,2023,Yes
84,2025-06-24,AiTM_Proxy,Low,TOTP,Strong,Standard_User,0,1095,0.0,0,2025,No
85,2022-01-19,Phishing,Low,SMS,Moderate,Standard_User,0,1095,0.0,0,2022,No
86,2025-06-27,Token_Theft,Low,SMS,Moderate,Standard_User,0,56,0.0,1,2025,No
87,2025-05-02,SIM_Swap,Medium,TOTP,Weak,Standard_User,0,1095,0.0,0,2025,No
88,2021-02-08,AiTM_Proxy,Medium,SMS,Moderate,Standard_User,0,1095,0.0,0,2021,No
89,2024-08-01,Token_Theft,High,SMS,Strong,Standard_User,0,1095,0.0,0,2024,No
90,2023-04-02,SIM_Swap,Low,TOTP,Moderate,Standard_User,0,1095,0.0,0,2023,No
91,2022-08-25,SIM_Swap,Low,SMS,Moderate,Standard_User,0,1095,0.0,0,2022,No
92,2025-06-09,SIM_Swap,Medium,SMS,Strong,Admin,0,1095,0.0,0,2025,No
93,2023-02-24,Token_Theft,Medium,TOTP,Weak,Standard_User,0,1095,0.0,0,2023,No
94,2024-09-21,Token_Theft,Medium,SMS,Moderate,Standard_User,0,1095,0.0,0,2024,No
95,2024-04-26,Phishing,Medium,TOTP,Weak,Standard_User,0,1095,0.0,0,2024,No
96,2022-11-02,Token_Theft,Low,SMS,Moderate,Standard_User,0,1095,0.0,0,2022,No
97,2024-06-20,Token_Theft,Medium,SMS,Moderate,Admin,0,269,0.0,1,2024,No
98,2024-01-02,Token_Theft,Low,SMS,Moderate,Standard_User,0,1095,0.0,0,2024,No
99,2022-04-24,SIM_Swap,Low,TOTP,Moderate,Standard_User,0,1095,0.0,0,2022,No
100,2022-07-15,AiTM_Proxy,Low,SMS,Moderate,Standard_User,0,1095,0.0,0,2022,No
101,2021-04-11,Phishing,Low,SMS,Strong,Standard_User,0,1095,0.0,0,2021,No
102,2022-05-29,AiTM_Proxy,Medium,TOTP,Moderate,Standard_User,0,1095,0.0,0,2022,No
103,2025-11-15,AiTM_Proxy,Low,SMS,Weak,Standard_User,0,1095,0.0,0,2025,No
104,2021-06-25,Token_Theft,Medium,SMS,Moderate,Standard_User,0,1095,0.0,0,2021,No
105,2021-08-26,Phishing,High,TOTP,Moderate,Standard_User,0,1095,0.0,0,2021,No
106,2023-06-29,AiTM_Proxy,Low,SMS,Moderate,Standard_User,0,297,0.0,0,2023,No
107,2023-12-19,AiTM_Proxy,Low,NO_MFA,Strong,Standard_User,0,263,0.0,1,2023,No
108,2024-01-28,Phishing,Medium,SMS,Strong,Standard_User,0,1095,0.0,0,2024,No
109,2023-05-21,Token_Theft,Low,TOTP,Weak,Standard_User,0,60,0.0,0,2023,No
110,2022-05-10,AiTM_Proxy,Low,NO_MFA,Strong,Standard_User,0,1095,0.0,0,2022,No
111,2023-08-05,SIM_Swap,Low,TOTP,Weak,Standard_User,0,1095,0.0,0,2023,No
112,2025-03-18,AiTM_Proxy,Low,SMS,Weak,Standard_User,0,1095,0.0,0,2025,No
113,2023-01-25,SIM_Swap,High,SMS,Weak,Standard_User,0,186,0.0,0,2023,No
114,2024-08-13,Token_Theft,Medium,SMS,Strong,Standard_User,0,1095,0.0,0,2024,No
115,2021-07-30,AiTM_Proxy,Medium,SMS,Moderate,Standard_User,0,1095,0.0,0,2021,No
116,2024-02-21,Phishing,High,SMS,Weak,Standard_User,0,1095,0.0,0,2024,No
117,2024-06-06,Phishing,Medium,SMS,Moderate,Standard_User,0,324,0.0,1,2024,No
118,2025-06-06,AiTM_Proxy,Low,TOTP,Moderate,Standard_User,0,1095,0.0,0,2025,No
119,2025-08-07,Token_Theft,High,TOTP,Weak,Standard_User,0,155,0.0,0,2025,No
120,2024-11-12,Token_Theft,Medium,SMS,Strong,Standard_User,0,187,0.0,1,2024,No
121,2021-05-20,Phishing,Medium,SMS,Strong,Standard_User,0,1095,0.0,0,2021,No
122,2022-06-25,AiTM_Proxy,High,SMS,Moderate,Standard_User,0,1095,0.0,0,2022,No
123,2024-11-15,Token_Theft,Low,TOTP,Strong,Standard_User,0,1095,0.0,0,2024,No
124,2021-09-27,Phishing,Low,SMS,Moderate,Standard_User,0,1095,0.0,0,2021,No
125,2025-11-18,SIM_Swap,Low,SMS,Strong,Standard_User,0,307,0.0,1,2025,No
126,2023-11-02,AiTM_Proxy,Low,TOTP,Moderate,Standard_User,0,1095,0.0,0,2023,No
127,2024-11-13,SIM_Swap,Medium,TOTP,Moderate,Standard_User,0,1095,0.0,0,2024,No
128,2024-09-22,SIM_Swap,High,NO_MFA,Weak,Standard_User,0,1095,0.0,0,2024,No
129,2022-05-21,Token_Theft,Low,SMS,Strong,Admin,0,1095,0.0,0,2022,No
130,2024-02-04,Token_Theft,Medium,SMS,Moderate,Standard_User,0,1095,0.0,0,2024,No
131,2021-02-01,Token_Theft,Low,SMS,Weak,Standard_User,0,1095,0.0,0,2021,No
132,2024-01-03,AiTM_Proxy,Low,NO_MFA,Weak,Standard_User,0,1095,0.0,0,2024,No
133,2024-04-09,SIM_Swap,Low,TOTP,Moderate,Standard_User,0,135,0.0,1,2024,No
134,2023-12-29,AiTM_Proxy,Low,SMS,Moderate,Standard_User,0,6,0.0,0,2023,No
135,2023-03-24,Token_Theft,High,TOTP,Moderate,Standard_User,0,1095,0.0,0,2023,No
136,2021-12-28,SIM_Swap,Low,SMS,Strong,Standard_User,0,183,0.0,0,2021,No
137,2025-07-31,AiTM_Proxy,Medium,SMS,Weak,Standard_User,0,1095,0.0,0,2025,No
138,2024-12-27,AiTM_Proxy,Medium,SMS,Moderate,Standard_User,0,1095,0.0,0,2024,No
139,2023-07-18,Phishing,Low,NO_MFA,Weak,Standard_User,0,1095,0.0,0,2023,No
140,2021-04-10,AiTM_Proxy,High,TOTP,Strong,Standard_User,0,42,0.0,1,2021,No
141,2025-08-09,Token_Theft,High,TOTP,Strong,Standard_User,0,1095,0.0,0,2025,No
142,2021-01-09,AiTM_Proxy,Low,TOTP,Moderate,Standard_User,0,1095,0.0,0,2021,No
143,2025-05-17,SIM_Swap,Low,SMS,Moderate,Standard_User,0,1095,0.0,0,2025,No
144,2022-11-28,AiTM_Proxy,Low,SMS,Moderate,Standard_User,0,1095,0.0,0,2022,No
145,2023-11-19,Phishing,Low,TOTP,Moderate,Standard_User,0,1095,0.0,0,2023,No
146,2024-02-12,SIM_Swap,Low,SMS,Strong,Standard_User,0,1095,0.0,0,2024,No
147,2022-04-07,SIM_Swap,Medium,TOTP,Moderate,Standard_User,0,1095,0.0,0,2022,No
148,2023-07-10,Phishing,Medium,SMS,Moderate,Standard_User,0,1095,0.0,0,2023,No
149,2024-03-12,Token_Theft,Low,SMS,Moderate,Standard_User,0,1095,0.0,0,2024,No
150,2022-01-25,SIM_Swap,Low,SMS,Strong,Standard_User,0,1095,0.0,0,2022,No
151,2022-09-24,Token_Theft,High,SMS,Moderate,Standard_User,0,1095,0.0,0,2022,No
152,2022-11-13,SIM_Swap,Low,SMS,Weak,Standard_User,0,1095,0.0,0,2022,No
153,2021-06-06,SIM_Swap,Low,SMS,Moderate,Standard_User,0,1095,0.0,0,2021,No
154,2021-12-01,Token_Theft,Low,SMS,Strong,Standard_User,0,1095,0.0,0,2021,No
155,2021-09-17,SIM_Swap,High,TOTP,Weak,Standard_User,0,1095,0.0,0,2021,No
156,2021-03-23,Token_Theft,Low,SMS,Weak,Standard_User,0,1095,0.0,0,2021,No
157,2023-01-24,Phishing,Medium,SMS,Weak,Standard_User,0,103,0.0,1,2023,No
158,2025-01-04,Token_Theft,Medium,SMS,Moderate,Standard_User,0,1095,0.0,0,2025,No
159,2024-04-10,Phishing,Low,TOTP,Moderate,Standard_User,0,1095,0.0,0,2024,No
160,2024-06-08,SIM_Swap,Medium,SMS,Moderate,Standard_User,0,62,0.0,0,2024,No
161,2022-12-21,Token_Theft,Low,SMS,Moderate,Standard_User,0,1095,0.0,0,2022,No
162,2021-03-16,SIM_Swap,Medium,SMS,Moderate,Standard_User,0,1095,0.0,0,2021,No
163,2024-07-17,Token_Theft,Medium,TOTP,Moderate,Standard_User,0,1095,0.0,0,2024,No
164,2022-09-18,Phishing,Medium,TOTP,Strong,Standard_User,0,1095,0.0,0,2022,No
165,2021-03-03,Phishing,Low,SMS,Moderate,Standard_User,0,142,0.0,1,2021,No
166,2023-05-24,Token_Theft,Medium,SMS,Strong,Standard_User,0,1095,0.0,0,2023,No
167,2021-11-16,Phishing,Low,TOTP,Moderate,Standard_User,0,1095,0.0,0,2021,No
168,2021-04-12,SIM_Swap,Low,SMS,Weak,Standard_User,0,1095,0.0,0,2021,No
169,2024-12-23,SIM_Swap,Low,SMS,Moderate,Standard_User,0,1095,0.0,0,2024,No
170,2023-05-24,AiTM_Proxy,Medium,SMS,Moderate,Standard_User,0,26,0.0,0,2023,No
171,2025-10-12,Phishing,Medium,SMS,Moderate,Standard_User,0,1095,0.0,0,2025,No
172,2023-08-12,SIM_Swap,Low,SMS,Weak,Standard_User,0,1095,0.0,0,2023,No
173,2021-09-12,Token_Theft,Medium,TOTP,Weak,Standard_User,0,1095,0.0,0,2021,No
174,2025-04-05,Phishing,Low,SMS,Strong,Standard_User,0,1095,0.0,0,2025,No
175,2022-07-24,SIM_Swap,Medium,TOTP,Weak,Standard_User,0,1095,0.0,0,2022,No
176,2021-04-22,Phishing,Low,SMS,Strong,Standard_User,0,1095,0.0,0,2021,No
177,2023-09-12,Token_Theft,Medium,SMS,Weak,Standard_User,0,1095,0.0,0,2023,No
178,2024-08-29,SIM_Swap,Low,SMS,Moderate,Standard_User,0,212,0.0,0,2024,No
179,2023-09-25,AiTM_Proxy,High,SMS,Moderate,Standard_User,0,1095,0.0,0,2023,No
180,2022-04-06,AiTM_Proxy,Low,SMS,Moderate,Standard_User,0,1095,0.0,0,2022,No
181,2022-12-09,Phishing,Low,TOTP,Moderate,Standard_User,0,1095,0.0,0,2022,No
182,2023-06-06,Token_Theft,Low,SMS,Weak,Standard_User,0,1095,0.0,0,2023,No
183,2025-01-25,SIM_Swap,High,SMS,Weak,Standard_User,0,792,0.0,0,2025,No
184,2024-01-21,Token_Theft,High,TOTP,Moderate,Standard_User,0,1095,0.0,0,2024,No
185,2023-12-12,SIM_Swap,Low,TOTP,Moderate,Standard_User,0,32,0.0,1,2023,No
186,2022-06-04,Phishing,Medium,SMS,Strong,Standard_User,0,1095,0.0,0,2022,No
187,2023-03-23,SIM_Swap,Medium,TOTP,Strong,Standard_User,0,1095,0.0,0,2023,No
188,2024-01-27,Token_Theft,Medium,SMS,Moderate,Standard_User,0,1095,0.0,0,2024,No
189,2021-08-24,Token_Theft,Medium,TOTP,Moderate,Standard_User,0,1095,0.0,0,2021,No
190,2024-10-29,Phishing,Low,TOTP,Moderate,Standard_User,0,55,0.0,0,2024,No
191,2025-05-24,Token_Theft,Low,SMS,Weak,Standard_User,0,1095,0.0,0,2025,No
192,2023-07-16,SIM_Swap,High,NO_MFA,Strong,Standard_User,0,1095,0.0,0,2023,No
193,2022-07-11,Phishing,High,SMS,Moderate,Admin,0,28,0.0,0,2022,No
194,2022-10-11,SIM_Swap,Medium,NO_MFA,Moderate,Standard_User,0,1095,0.0,0,2022,No
195,2021-08-22,Token_Theft,Low,SMS,Weak,Standard_User,0,1095,0.0,0,2021,No
196,2023-11-22,Phishing,Low,SMS,Moderate,Standard_User,0,1095,0.0,0,2023,No
197,2024-08-05,SIM_Swap,Medium,TOTP,Moderate,Standard_User,0,1095,0.0,0,2024,No
198,2025-07-20,Token_Theft,High,SMS,Strong,Standard_User,0,1095,0.0,0,2025,No
199,2022-08-02,Token_Theft,High,NO_MFA,Moderate,Standard_User,0,1095,0.0,0,2022,No
200,2022-06-26,AiTM_Proxy,Medium,SMS,Moderate,Standard_User,0,377,0.0,1,2022,No
201,2021-04-24,Token_Theft,Medium,TOTP,Strong,Standard_User,0,1095,0.0,0,2021,No
202,2021-07-23,SIM_Swap,Low,SMS,Weak,Standard_User,0,1095,0.0,0,2021,No
203,2023-11-19,Phishing,Low,SMS,Moderate,Standard_User,0,1095,0.0,0,2023,No
204,2022-10-05,AiTM_Proxy,High,TOTP,Weak,Standard_User,0,135,0.0,0,2022,No
205,2022-04-19,Token_Theft,Medium,TOTP,Moderate,Standard_User,0,1095,0.0,0,2022,No
206,2022-11-28,Token_Theft,Low,SMS,Strong,Standard_User,0,1095,0.0,0,2022,No
207,2021-09-10,Token_Theft,Low,SMS,Weak,Standard_User,0,1095,0.0,0,2021,No
208,2025-12-27,SIM_Swap,Medium,SMS,Strong,Standard_User,0,1095,0.0,0,2025,No
209,2023-06-24,AiTM_Proxy,Low,SMS,Weak,Standard_User,0,113,0.0,0,2023,No
210,2022-01-21,SIM_Swap,Low,TOTP,Strong,Standard_User,0,1095,0.0,0,2022,No
211,2021-03-03,AiTM_Proxy,Medium,SMS,Moderate,Standard_User,0,1095,0.0,0,2021,No
212,2022-05-30,Phishing,Medium,TOTP,Strong,Standard_User,0,1095,0.0,0,2022,No
213,2022-03-06,SIM_Swap,Medium,TOTP,Weak,Standard_User,0,1095,0.0,0,2022,No
214,2022-08-03,SIM_Swap,Low,TOTP,Strong,Standard_User,0,1095,0.0,0,2022,No
215,2025-04-10,Phishing,Medium,SMS,Moderate,Standard_User,0,1095,0.0,0,2025,No
216,2025-09-11,AiTM_Proxy,Low,SMS,Moderate,Standard_User,0,1095,0.0,0,2025,No
217,2024-03-10,Token_Theft,Low,TOTP,Strong,Standard_User,0,1095,0.0,0,2024,No
218,2023-01-13,Phishing,Medium,SMS,Weak,Standard_User,0,56,0.0,0,2023,No
219,2024-08-16,Token_Theft,Medium,TOTP,Strong,Standard_User,0,1095,0.0,0,2024,No
220,2022-11-06,Token_Theft,Medium,SMS,Weak,Standard_User,0,189,0.0,0,2022,No
221,2021-11-07,Phishing,Medium,TOTP,Moderate,Standard_User,0,1095,0.0,0,2021,No
222,2022-04-16,AiTM_Proxy,Medium,SMS,Moderate,Standard_User,0,1095,0.0,0,2022,No
223,2024-11-17,Token_Theft,Low,SMS,Weak,Standard_User,0,1095,0.0,0,2024,No
224,2025-07-24,Phishing,Low,SMS,Weak,Standard_User,0,1095,0.0,0,2025,No
225,2025-01-08,SIM_Swap,Low,TOTP,Weak,Standard_User,0,1095,0.0,0,2025,No
226,2025-11-17,SIM_Swap,Low,TOTP,Moderate,Standard_User,0,1095,0.0,0,2025,No
227,2023-03-20,SIM_Swap,High,TOTP,Moderate,Standard_User,0,1095,0.0,0,2023,No
228,2021-06-21,Phishing,Low,SMS,Moderate,Standard_User,0,364,0.0,0,2021,No
229,2022-07-30,SIM_Swap,High,SMS,Weak,Standard_User,0,1095,0.0,0,2022,No
230,2021-01-31,Token_Theft,Medium,SMS,Weak,Standard_User,0,1095,0.0,0,2021,No
231,2021-02-16,SIM_Swap,Medium,TOTP,Moderate,Standard_User,0,1095,0.0,0,2021,No
232,2021-05-10,SIM_Swap,Medium,NO_MFA,Weak,Standard_User,0,1095,0.0,0,2021,No
233,2021-12-18,Token_Theft,Medium,TOTP,Strong,Standard_User,0,317,0.0,1,2021,No
234,2023-09-05,SIM_Swap,Low,SMS,Strong,Standard_User,0,177,0.0,1,2023,No
235,2025-07-04,Token_Theft,Low,SMS,Moderate,Standard_User,0,1095,0.0,0,2025,No
236,2025-05-24,SIM_Swap,Medium,SMS,Moderate,Standard_User,0,1095,0.0,0,2025,No
237,2021-02-27,Token_Theft,Low,SMS,Strong,Standard_User,0,1095,0.0,0,2021,No
238,2024-02-04,SIM_Swap,Low,TOTP,Weak,Admin,0,1095,0.0,0,2024,No
239,2023-03-23,Token_Theft,Medium,SMS,Weak,Standard_User,0,1095,0.0,0,2023,No
240,2024-09-15,Phishing,Low,TOTP,Weak,Standard_User,0,1095,0.0,0,2024,No
241,2023-02-07,Token_Theft,High,TOTP,Moderate,Standard_User,0,1095,0.0,0,2023,No
242,2022-11-14,SIM_Swap,High,TOTP,Weak,Standard_User,0,1095,0.0,0,2022,No
243,2024-11-07,SIM_Swap,High,TOTP,Moderate,Standard_User,0,1095,0.0,0,2024,No
244,2024-03-31,AiTM_Proxy,Low,TOTP,Strong,Standard_User,0,1095,0.0,0,2024,No
245,2023-09-24,Token_Theft,Low,SMS,Strong,Standard_User,0,1095,0.0,0,2023,No
246,2021-10-13,Phishing,High,TOTP,Moderate,Standard_User,0,1095,0.0,0,2021,No
247,2023-12-31,Token_Theft,Low,TOTP,Weak,Standard_User,0,1095,0.0,0,2023,No
248,2025-11-26,Token_Theft,High,SMS,Strong,Standard_User,0,14,0.0,1,2025,No
249,2025-01-17,Phishing,High,SMS,Moderate,Standard_User,0,1095,0.0,0,2025,No
250,2023-06-05,Token_Theft,High,SMS,Weak,Standard_User,0,60,0.0,0,2023,No
251,2025-05-10,Phishing,Low,TOTP,Weak,Standard_User,0,1095,0.0,0,2025,No
252,2022-02-01,Phishing,Low,TOTP,Strong,Standard_User,0,1095,0.0,0,2022,No
253,2025-03-19,Token_Theft,High,TOTP,Moderate,Standard_User,0,1095,0.0,0,2025,No
254,2021-01-26,Token_Theft,Low,SMS,Strong,Standard_User,0,1095,0.0,0,2021,No
255,2021-11-09,SIM_Swap,Low,TOTP,Strong,Standard_User,0,1095,0.0,0,2021,No
256,2021-05-06,SIM_Swap,Medium,TOTP,Moderate,Standard_User,0,1095,0.0,0,2021,No
257,2024-12-02,AiTM_Proxy,High,SMS,Moderate,Standard_User,0,9,0.0,0,2024,No
258,2025-05-08,AiTM_Proxy,Medium,SMS,Moderate,Standard_User,0,1095,0.0,0,2025,No
259,2024-05-06,Token_Theft,Medium,TOTP,Moderate,Standard_User,0,1095,0.0,0,2024,No
260,2023-03-22,Phishing,Low,SMS,Moderate,Standard_User,0,149,0.0,1,2023,No
261,2021-07-07,AiTM_Proxy,Medium,SMS,Moderate,Standard_User,0,1095,0.0,0,2021,No
262,2022-11-29,Token_Theft,High,SMS,Moderate,Standard_User,0,73,0.0,1,2022,No
263,2023-03-21,AiTM_Proxy,Low,TOTP,Strong,Standard_User,0,1095,0.0,0,2023,No
264,2022-12-17,Phishing,Medium,SMS,Moderate,Standard_User,0,1095,0.0,0,2022,No
265,2025-02-16,Token_Theft,High,SMS,Moderate,Standard_User,0,54,0.0,0,2025,No
266,2022-03-26,Phishing,Medium,SMS,Moderate,Standard_User,0,88,0.0,1,2022,No
267,2022-06-07,Token_Theft,Medium,TOTP,Moderate,Standard_User,0,516,0.0,1,2022,No
268,2024-10-09,AiTM_Proxy,Medium,SMS,Moderate,Standard_User,0,1095,0.0,0,2024,No
269,2023-09-13,SIM_Swap,Low,TOTP,Weak,Standard_User,0,1095,0.0,0,2023,No
270,2022-10-20,AiTM_Proxy,Low,SMS,Moderate,Standard_User,0,1095,0.0,0,2022,No
271,2022-08-20,AiTM_Proxy,Medium,SMS,Weak,Standard_User,0,1095,0.0,0,2022,No
272,2021-04-10,SIM_Swap,Medium,SMS,Moderate,Standard_User,0,1095,0.0,0,2021,No
273,2022-09-08,SIM_Swap,High,SMS,Moderate,Standard_User,0,1095,0.0,0,2022,No
274,2023-08-06,Token_Theft,High,TOTP,Moderate,Standard_User,0,1095,0.0,0,2023,No
275,2025-05-01,Token_Theft,Medium,TOTP,Strong,Standard_User,0,1095,0.0,0,2025,No
276,2022-07-10,Phishing,Medium,TOTP,Moderate,Standard_User,0,170,0.0,1,2022,No
277,2021-10-05,Phishing,Medium,TOTP,Moderate,Standard_User,0,1095,0.0,0,2021,No
278,2025-09-13,AiTM_Proxy,Medium,SMS,Moderate,Standard_User,0,1095,0.0,0,2025,No
279,2025-09-19,SIM_Swap,Medium,SMS,Moderate,Standard_User,0,1095,0.0,0,2025,No
280,2025-07-08,Phishing,Medium,SMS,Weak,Standard_User,0,1095,0.0,0,2025,No
281,2022-05-06,AiTM_Proxy,High,TOTP,Weak,Standard_User,0,1095,0.0,0,2022,No
282,2021-09-12,SIM_Swap,Low,SMS,Moderate,Standard_User,0,1095,0.0,0,2021,No
283,2022-01-16,Token_Theft,Low,SMS,Moderate,Standard_User,0,1095,0.0,0,2022,No
284,2023-06-11,AiTM_Proxy,Low,SMS,Weak,Standard_User,0,1095,0.0,0,2023,No
285,2022-06-26,Token_Theft,Medium,SMS,Weak,Standard_User,0,1095,0.0,0,2022,No
286,2024-07-11,Phishing,Low,TOTP,Weak,Standard_User,0,1095,0.0,0,2024,No
287,2025-06-22,Phishing,Low,NO_MFA,Strong,Standard_User,0,324,0.0,1,2025,No
288,2023-04-05,SIM_Swap,Medium,SMS,Moderate,Standard_User,0,223,0.0,1,2023,No
289,2023-05-29,AiTM_Proxy,Low,TOTP,Moderate,Standard_User,0,1095,0.0,0,2023,No
290,2024-09-14,Token_Theft,Medium,SMS,Weak,Standard_User,0,1095,0.0,0,2024,No
291,2024-02-13,SIM_Swap,Low,SMS,Moderate,Standard_User,0,1095,0.0,0,2024,No
292,2024-07-23,Phishing,Low,TOTP,Weak,Standard_User,0,21,0.0,0,2024,No
293,2025-02-20,Phishing,Medium,TOTP,Weak,Standard_User,0,1095,0.0,0,2025,No
294,2021-10-08,AiTM_Proxy,Low,TOTP,Moderate,Standard_User,0,1095,0.0,0,2021,No
295,2024-07-22,Token_Theft,Low,TOTP,Weak,Admin,0,1095,0.0,0,2024,No
296,2023-02-12,AiTM_Proxy,Medium,SMS,Weak,Standard_User,0,1095,0.0,0,2023,No
297,2023-04-23,Token_Theft,Medium,TOTP,Weak,Standard_User,0,1095,0.0,0,2023,No
298,2022-12-20,Token_Theft,Low,SMS,Weak,Standard_User,0,240,0.0,0,2022,No
299,2021-11-24,AiTM_Proxy,Medium,SMS,Weak,Standard_User,0,1095,0.0,0,2021,No
300,2021-07-30,SIM_Swap,Low,TOTP,Moderate,Standard_User,0,1095,0.0,0,2021,No
301,2022-12-28,AiTM_Proxy,Low,TOTP,Strong,Standard_User,0,1095,0.0,0,2022,No
302,2023-07-12,AiTM_Proxy,Medium,SMS,Moderate,Admin,0,1095,0.0,0,2023,No
303,2022-07-06,Phishing,Medium,TOTP,Moderate,Standard_User,0,58,0.0,0,2022,No
304,2021-01-26,Phishing,Medium,SMS,Weak,Standard_User,0,1095,0.0,0,2021,No
305,2021-01-27,AiTM_Proxy,Medium,SMS,Strong,Standard_User,0,1095,0.0,0,2021,No
306,2022-12-03,AiTM_Proxy,High,SMS,Moderate,Standard_User,0,1095,0.0,0,2022,No
307,2024-01-12,Phishing,Medium,SMS,Weak,Standard_User,0,1095,0.0,0,2024,No
308,2022-11-13,Token_Theft,Low,SMS,Moderate,Standard_User,0,1095,0.0,0,2022,No
309,2022-02-17,AiTM_Proxy,Medium,TOTP,Weak,Standard_User,0,1095,0.0,0,2022,No
310,2021-06-16,SIM_Swap,Low,SMS,Moderate,Standard_User,0,1095,0.0,0,2021,No
311,2025-09-20,SIM_Swap,Low,SMS,Moderate,Standard_User,0,1095,0.0,0,2025,No
312,2021-06-18,SIM_Swap,Low,SMS,Strong,Standard_User,0,1095,0.0,0,2021,No
313,2025-12-30,AiTM_Proxy,Low,TOTP,Moderate,Standard_User,0,1095,0.0,0,2025,No
314,2021-08-17,Token_Theft,High,SMS,Moderate,Standard_User,0,1095,0.0,0,2021,No
315,2025-06-21,Token_Theft,Medium,SMS,Strong,Standard_User,0,1095,0.0,0,2025,No
316,2022-01-02,Phishing,Medium,TOTP,Weak,Standard_User,0,510,0.0,0,2022,No
317,2022-06-12,AiTM_Proxy,Low,TOTP,Weak,Standard_User,0,1095,0.0,0,2022,No
318,2023-03-02,Token_Theft,Low,SMS,Moderate,Standard_User,0,1095,0.0,0,2023,No
319,2025-07-29,AiTM_Proxy,Low,SMS,Moderate,Standard_User,0,75,0.0,1,2025,No
320,2025-04-11,Phishing,Low,SMS,Moderate,Standard_User,0,1095,0.0,0,2025,No
321,2022-06-08,Phishing,Medium,TOTP,Strong,Standard_User,0,1095,0.0,0,2022,No
322,2024-01-01,Phishing,Medium,SMS,Moderate,Standard_User,0,1095,0.0,0,2024,No
323,2025-07-27,SIM_Swap,Medium,TOTP,Moderate,Standard_User,0,1095,0.0,0,2025,No
324,2021-04-16,AiTM_Proxy,Low,SMS,Moderate,Standard_User,0,1095,0.0,0,2021,No
325,2023-01-02,Phishing,High,SMS,Strong,Standard_User,0,1095,0.0,0,2023,No
326,2023-08-23,AiTM_Proxy,Medium,SMS,Strong,Standard_User,0,1095,0.0,0,2023,No
327,2025-09-09,SIM_Swap,Medium,SMS,Strong,Standard_User,0,1091,0.0,1,2025,No
328,2024-07-29,SIM_Swap,Medium,SMS,Weak,Standard_User,0,1095,0.0,0,2024,No
329,2021-05-13,Phishing,Low,SMS,Moderate,Standard_User,0,1095,0.0,0,2021,No
330,2022-06-18,Phishing,Low,SMS,Weak,Standard_User,0,1095,0.0,0,2022,No
331,2023-09-02,Token_Theft,Low,TOTP,Weak,Standard_User,0,1095,0.0,0,2023,No
332,2021-09-26,AiTM_Proxy,Medium,NO_MFA,Weak,Standard_User,0,1095,0.0,0,2021,No
333,2024-12-06,Phishing,Low,SMS,Moderate,Standard_User,0,1095,0.0,0,2024,No
334,2022-11-04,Token_Theft,Low,TOTP,Moderate,Standard_User,0,1095,0.0,0,2022,No
335,2025-07-01,AiTM_Proxy,Low,TOTP,Weak,Standard_User,0,1095,0.0,0,2025,No
336,2023-03-02,Phishing,Low,SMS,Moderate,Standard_User,0,1095,0.0,0,2023,No
337,2025-11-06,Token_Theft,High,SMS,Moderate,Standard_User,0,55,0.0,0,2025,No
338,2021-01-18,Token_Theft,Medium,SMS,Moderate,Standard_User,0,1095,0.0,0,2021,No
339,2025-11-13,AiTM_Proxy,Low,SMS,Weak,Standard_User,0,1095,0.0,0,2025,No
340,2021-04-27,Token_Theft,Low,NO_MFA,Moderate,Standard_User,0,1095,0.0,0,2021,No
341,2023-03-09,AiTM_Proxy,Low,TOTP,Moderate,Standard_User,0,59,0.0,1,2023,No
342,2025-12-23,AiTM_Proxy,Low,SMS,Weak,Standard_User,0,1095,0.0,0,2025,No
343,2024-03-13,AiTM_Proxy,Low,TOTP,Weak,Standard_User,0,1095,0.0,0,2024,No
344,2025-10-07,SIM_Swap,Low,SMS,Moderate,Standard_User,0,1095,0.0,0,2025,No
345,2022-07-05,Token_Theft,Low,TOTP,Strong,Standard_User,0,1095,0.0,0,2022,No
346,2023-07-18,AiTM_Proxy,Medium,TOTP,Moderate,Standard_User,0,1095,0.0,0,2023,No
347,2025-08-17,Phishing,Medium,TOTP,Moderate,Standard_User,0,4,0.0,1,2025,No
348,2025-09-08,SIM_Swap,Low,TOTP,Moderate,Standard_User,0,1095,0.0,0,2025,No
349,2023-01-23,SIM_Swap,Low,TOTP,Moderate,Standard_User,0,1095,0.0,0,2023,No
350,2022-02-26,Token_Theft,Medium,SMS,Weak,Standard_User,0,1095,0.0,0,2022,No
351,2024-10-24,AiTM_Proxy,Medium,SMS,Moderate,Standard_User,0,1095,0.0,0,2024,No
352,2022-10-08,Token_Theft,High,TOTP,Strong,Standard_User,0,1095,0.0,0,2022,No
353,2022-07-12,SIM_Swap,Medium,SMS,Moderate,Standard_User,0,1095,0.0,0,2022,No
354,2021-02-19,AiTM_Proxy,Low,SMS,Strong,Standard_User,0,1095,0.0,0,2021,No
355,2022-11-09,Phishing,Low,SMS,Moderate,Standard_User,0,1095,0.0,0,2022,No
356,2021-04-16,AiTM_Proxy,Medium,NO_MFA,Weak,Standard_User,0,1095,0.0,0,2021,No
357,2024-05-24,SIM_Swap,Low,SMS,Strong,Standard_User,0,1095,0.0,0,2024,No
358,2022-10-20,Phishing,Medium,SMS,Weak,Standard_User,0,596,0.0,1,2022,No
359,2024-12-19,AiTM_Proxy,High,TOTP,Moderate,Standard_User,0,1095,0.0,0,2024,No
360,2024-01-01,Phishing,Medium,NO_MFA,Weak,Standard_User,0,646,0.0,0,2024,No
361,2023-09-15,Phishing,Low,SMS,Weak,Standard_User,0,1095,0.0,0,2023,No
362,2023-04-22,SIM_Swap,Medium,SMS,Moderate,Standard_User,0,326,0.0,0,2023,No
363,2025-12-14,Phishing,Low,SMS,Weak,Standard_User,0,1095,0.0,0,2025,No
364,2025-11-18,Token_Theft,Medium,SMS,Moderate,Standard_User,0,1095,0.0,0,2025,No
365,2022-03-22,SIM_Swap,High,SMS,Moderate,Standard_User,0,1095,0.0,0,2022,No
366,2024-04-24,Token_Theft,Low,TOTP,Weak,Standard_User,0,1095,0.0,0,2024,No
367,2021-03-11,Phishing,High,TOTP,Weak,Standard_User,0,1095,0.0,0,2021,No
368,2021-05-30,Token_Theft,High,SMS,Moderate,Standard_User,0,1095,0.0,0,2021,No
369,2024-06-23,AiTM_Proxy,Low,NO_MFA,Moderate,Standard_User,0,1095,0.0,0,2024,No
370,2023-02-13,Phishing,Low,SMS,Moderate,Standard_User,0,660,0.0,0,2023,No
371,2025-04-11,AiTM_Proxy,Low,SMS,Moderate,Standard_User,0,1095,0.0,0,2025,No
372,2025-08-03,Token_Theft,Low,SMS,Strong,Standard_User,0,1095,0.0,0,2025,No
373,2024-01-28,AiTM_Proxy,Low,SMS,Moderate,Standard_User,0,1095,0.0,0,2024,No
374,2024-07-25,Phishing,Medium,SMS,Moderate,Standard_User,0,1095,0.0,0,2024,No
375,2025-05-06,AiTM_Proxy,Low,SMS,Moderate,Standard_User,0,1095,0.0,0,2025,No
376,2025-08-14,Token_Theft,Low,NO_MFA,Weak,Standard_User,0,1095,0.0,0,2025,No
377,2023-08-02,Token_Theft,Medium,SMS,Moderate,Standard_User,0,1095,0.0,0,2023,No
378,2022-03-31,Token_Theft,Low,TOTP,Moderate,Standard_User,0,1095,0.0,0,2022,No
379,2024-02-02,Phishing,Medium,SMS,Moderate,Standard_User,0,1095,0.0,0,2024,No
380,2023-08-04,Token_Theft,Low,SMS,Moderate,Standard_User,0,1095,0.0,0,2023,No
381,2022-08-24,Phishing,Low,SMS,Strong,Standard_User,0,1095,0.0,0,2022,No
382,2022-10-15,AiTM_Proxy,Medium,TOTP,Strong,Standard_User,0,1095,0.0,0,2022,No
383,2022-12-26,Token_Theft,Medium,SMS,Strong,Standard_User,0,1095,0.0,0,2022,No
384,2021-08-21,AiTM_Proxy,High,SMS,Moderate,Standard_User,0,668,0.0,1,2021,No
385,2024-11-18,SIM_Swap,Medium,SMS,Moderate,Standard_User,0,1095,0.0,0,2024,No
386,2025-03-05,AiTM_Proxy,Medium,SMS,Moderate,Standard_User,0,12,0.0,0,2025,No
387,2025-09-15,SIM_Swap,Low,SMS,Moderate,Standard_User,0,1095,0.0,0,2025,No
388,2021-09-08,AiTM_Proxy,Low,SMS,Moderate,Standard_User,0,1095,0.0,0,2021,No
389,2025-03-25,Phishing,Medium,SMS,Moderate,Standard_User,0,1095,0.0,0,2025,No
390,2021-03-20,AiTM_Proxy,Medium,SMS,Moderate,Standard_User,0,1095,0.0,0,2021,No
391,2023-12-12,Phishing,High,SMS,Moderate,Standard_User,0,311,0.0,1,2023,No
392,2023-06-17,Phishing,Low,SMS,Weak,Standard_User,0,1095,0.0,0,2023,No
393,2023-07-10,Token_Theft,Low,SMS,Moderate,Standard_User,0,1095,0.0,0,2023,No
394,2023-02-20,Phishing,Medium,TOTP,Weak,Standard_User,0,1095,0.0,0,2023,No
395,2021-08-14,SIM_Swap,Low,SMS,Strong,Standard_User,0,1095,0.0,0,2021,No
396,2023-12-11,Token_Theft,High,SMS,Moderate,Admin,0,1095,0.0,0,2023,No
397,2024-04-24,Token_Theft,High,SMS,Weak,Standard_User,0,1095,0.0,0,2024,No
398,2023-11-24,AiTM_Proxy,Low,SMS,Weak,Standard_User,0,1095,0.0,0,2023,No
399,2023-03-14,Phishing,Medium,TOTP,Moderate,Standard_User,0,1095,0.0,0,2023,No
400,2023-01-12,Phishing,Medium,TOTP,Moderate,Standard_User,0,520,0.0,1,2023,No
401,2021-05-11,SIM_Swap,Low,SMS,Moderate,Standard_User,0,1095,0.0,0,2021,No
402,2023-10-20,AiTM_Proxy,High,SMS,Weak,Standard_User,0,188,0.0,0,2023,No
403,2022-09-24,AiTM_Proxy,Medium,TOTP,Moderate,Admin,0,1095,0.0,0,2022,No
404,2025-01-06,Token_Theft,Medium,SMS,Moderate,Standard_User,0,1095,0.0,0,2025,No
405,2023-04-18,SIM_Swap,Low,SMS,Moderate,Standard_User,1,69,211996.59,1,2023,Yes
406,2023-01-29,Token_Theft,High,SMS,Moderate,Standard_User,0,1095,0.0,0,2023,No
407,2024-12-26,SIM_Swap,Low,SMS,Moderate,Standard_User,0,1095,0.0,0,2024,No
408,2022-12-05,SIM_Swap,Low,SMS,Weak,Admin,0,1095,0.0,0,2022,No
409,2022-05-12,Token_Theft,High,TOTP,Strong,Standard_User,0,1095,0.0,0,2022,No
410,2024-11-27,AiTM_Proxy,Low,TOTP,Moderate,Standard_User,0,1095,0.0,0,2024,No
411,2021-11-19,SIM_Swap,Low,SMS,Moderate,Standard_User,0,189,0.0,0,2021,No
412,2024-05-18,AiTM_Proxy,High,SMS,Weak,Standard_User,0,728,0.0,0,2024,No
413,2022-09-07,AiTM_Proxy,High,SMS,Moderate,Standard_User,0,437,0.0,0,2022,No
414,2021-11-25,Phishing,Medium,SMS,Weak,Standard_User,0,1095,0.0,0,2021,No
415,2024-10-27,Token_Theft,Medium,TOTP,Moderate,Standard_User,0,1095,0.0,0,2024,No
416,2025-01-23,Phishing,Low,SMS,Strong,Standard_User,0,1095,0.0,0,2025,No
417,2021-05-13,Token_Theft,Low,SMS,Moderate,Standard_User,0,1095,0.0,0,2021,No
418,2023-04-15,Token_Theft,Low,TOTP,Weak,Standard_User,0,1095,0.0,0,2023,No
419,2022-10-13,AiTM_Proxy,Medium,SMS,Weak,Standard_User,0,1095,0.0,0,2022,No
420,2021-05-01,Token_Theft,Medium,SMS,Moderate,Standard_User,0,1095,0.0,0,2021,No
421,2022-08-29,AiTM_Proxy,Medium,SMS,Weak,Standard_User,0,104,0.0,0,2022,No
422,2025-01-15,AiTM_Proxy,Medium,SMS,Weak,Standard_User,0,1095,0.0,0,2025,No
423,2023-08-23,Token_Theft,Low,SMS,Moderate,Standard_User,0,1095,0.0,0,2023,No
424,2021-05-09,AiTM_Proxy,Low,TOTP,Moderate,Standard_User,0,7,0.0,1,2021,No
425,2024-01-20,AiTM_Proxy,Low,TOTP,Weak,Standard_User,0,1095,0.0,0,2024,No
426,2025-06-16,AiTM_Proxy,Medium,SMS,Strong,Standard_User,0,1095,0.0,0,2025,No
427,2025-05-18,SIM_Swap,Low,SMS,Weak,Standard_User,0,1095,0.0,0,2025,No
428,2021-01-29,AiTM_Proxy,High,SMS,Strong,Standard_User,0,1095,0.0,0,2021,No
429,2022-12-23,SIM_Swap,Low,SMS,Moderate,Standard_User,0,1095,0.0,0,2022,No
430,2025-03-28,SIM_Swap,Low,TOTP,Strong,Standard_User,0,1095,0.0,0,2025,No
431,2021-11-29,AiTM_Proxy,Low,SMS,Moderate,Standard_User,0,1095,0.0,0,2021,No
432,2024-08-13,AiTM_Proxy,Medium,SMS,Strong,Admin,0,1095,0.0,0,2024,No
433,2024-02-28,SIM_Swap,Medium,TOTP,Strong,Standard_User,0,225,0.0,1,2024,No
434,2024-08-09,SIM_Swap,Low,SMS,Weak,Standard_User,0,1095,0.0,0,2024,No
435,2024-04-11,AiTM_Proxy,Low,SMS,Strong,Standard_User,0,1095,0.0,0,2024,No
436,2025-10-10,AiTM_Proxy,Medium,SMS,Moderate,Standard_User,0,1095,0.0,0,2025,No
437,2023-08-02,Token_Theft,Low,SMS,Moderate,Standard_User,0,315,0.0,0,2023,No
438,2023-11-14,SIM_Swap,Medium,TOTP,Moderate,Standard_User,0,1095,0.0,0,2023,No
439,2024-01-28,SIM_Swap,Medium,SMS,Moderate,Standard_User,0,218,0.0,0,2024,No
440,2024-11-30,Token_Theft,Low,SMS,Weak,Standard_User,0,1095,0.0,0,2024,No
441,2021-12-22,SIM_Swap,Low,SMS,Moderate,Standard_User,0,1095,0.0,0,2021,No
442,2021-05-19,Phishing,High,SMS,Moderate,Standard_User,0,111,0.0,1,2021,No
443,2025-03-07,SIM_Swap,Low,TOTP,Moderate,Standard_User,0,1095,0.0,0,2025,No
444,2024-04-12,Token_Theft,Low,NO_MFA,Strong,Admin,0,1095,0.0,0,2024,No
445,2021-01-29,Phishing,Medium,SMS,Moderate,Admin,0,1095,0.0,0,2021,No
446,2023-07-20,AiTM_Proxy,High,NO_MFA,Moderate,Standard_User,0,1095,0.0,0,2023,No
447,2022-05-11,Token_Theft,High,SMS,Weak,Standard_User,0,1095,0.0,0,2022,No
448,2023-10-11,Token_Theft,Medium,TOTP,Weak,Standard_User,0,1095,0.0,0,2023,No
449,2022-10-17,AiTM_Proxy,Low,TOTP,Weak,Standard_User,0,1095,0.0,0,2022,No
450,2023-04-08,Token_Theft,Low,SMS,Moderate,Standard_User,0,1095,0.0,0,2023,No
451,2021-12-17,SIM_Swap,Medium,SMS,Weak,Standard_User,0,1095,0.0,0,2021,No
452,2022-07-08,AiTM_Proxy,Medium,NO_MFA,Strong,Standard_User,0,1095,0.0,0,2022,No
453,2021-10-26,Token_Theft,Low,SMS,Moderate,Standard_User,0,1095,0.0,0,2021,No
454,2025-10-10,AiTM_Proxy,High,SMS,Moderate,Standard_User,0,1095,0.0,0,2025,No
455,2024-04-30,AiTM_Proxy,Low,TOTP,Moderate,Standard_User,0,1095,0.0,0,2024,No
456,2025-08-23,AiTM_Proxy,Low,TOTP,Weak,Standard_User,0,1095,0.0,0,2025,No
457,2021-03-05,Phishing,Low,TOTP,Moderate,Standard_User,0,1095,0.0,0,2021,No
458,2023-01-25,Token_Theft,Low,SMS,Moderate,Standard_User,0,1095,0.0,0,2023,No
459,2023-02-09,Phishing,Low,SMS,Moderate,Standard_User,0,1095,0.0,0,2023,No
789,2025-08-15,AiTM_Proxy,Low,TOTP,Moderate,Standard_User,1,1095,210000.0,0,2025,Yes
461,2024-05-23,SIM_Swap,Low,TOTP,Strong,Standard_User,0,1095,0.0,0,2024,No
462,2023-04-14,SIM_Swap,Medium,TOTP,Strong,Standard_User,0,1095,0.0,0,2023,No
463,2021-06-15,SIM_Swap,Medium,SMS,Moderate,Standard_User,0,1095,0.0,0,2021,No
464,2025-04-16,Token_Theft,Medium,TOTP,Moderate,Standard_User,0,1095,0.0,0,2025,No
465,2024-06-09,AiTM_Proxy,High,SMS,Moderate,Standard_User,0,1095,0.0,0,2024,No
466,2025-12-23,AiTM_Proxy,Low,NO_MFA,Weak,Standard_User,0,1095,0.0,0,2025,No
467,2025-04-14,Phishing,Low,SMS,Moderate,Standard_User,0,1095,0.0,0,2025,No
468,2024-05-03,Phishing,High,SMS,Weak,Standard_User,0,1095,0.0,0,2024,No
469,2022-05-21,SIM_Swap,Low,SMS,Moderate,Standard_User,0,1095,0.0,0,2022,No
470,2024-09-19,Phishing,High,SMS,Moderate,Standard_User,0,1095,0.0,0,2024,No
471,2025-11-27,Token_Theft,Low,SMS,Weak,Standard_User,0,1095,0.0,0,2025,No
472,2023-03-04,Token_Theft,High,SMS,Strong,Standard_User,0,28,0.0,1,2023,No
473,2024-08-20,Phishing,Low,SMS,Strong,Standard_User,0,1095,0.0,0,2024,No
474,2023-04-13,Phishing,High,TOTP,Moderate,Standard_User,0,1095,0.0,0,2023,No
475,2024-12-31,Phishing,Medium,SMS,Moderate,Standard_User,0,1095,0.0,0,2024,No
476,2024-09-08,Phishing,High,SMS,Strong,Standard_User,0,1095,0.0,0,2024,No
477,2025-03-06,SIM_Swap,Low,TOTP,Weak,Admin,0,1095,0.0,0,2025,No
478,2023-05-08,SIM_Swap,Medium,SMS,Moderate,Standard_User,0,1095,0.0,0,2023,No
479,2024-11-17,Phishing,High,SMS,Weak,Standard_User,0,1095,0.0,0,2024,No
480,2023-03-17,Token_Theft,Medium,SMS,Moderate,Standard_User,0,1095,0.0,0,2023,No
481,2025-06-11,SIM_Swap,Medium,SMS,Weak,Standard_User,0,1095,0.0,0,2025,No
482,2024-03-18,Token_Theft,Medium,SMS,Strong,Standard_User,0,1095,0.0,0,2024,No
483,2023-01-31,AiTM_Proxy,Low,SMS,Strong,Standard_User,0,1095,0.0,0,2023,No
484,2023-04-13,Token_Theft,Medium,TOTP,Weak,Standard_User,0,100,0.0,0,2023,No
485,2024-11-29,Phishing,Medium,SMS,Moderate,Standard_User,0,1095,0.0,0,2024,No
486,2021-10-10,AiTM_Proxy,High,SMS,Strong,Standard_User,0,114,0.0,1,2021,No
487,2024-10-17,SIM_Swap,Low,SMS,Moderate,Standard_User,0,1095,0.0,0,2024,No
488,2022-01-14,SIM_Swap,Low,SMS,Strong,Standard_User,0,1095,0.0,0,2022,No
489,2021-07-17,AiTM_Proxy,High,SMS,Moderate,Standard_User,0,1095,0.0,0,2021,No
490,2023-10-12,Token_Theft,High,SMS,Moderate,Standard_User,0,1095,0.0,0,2023,No
491,2023-10-21,SIM_Swap,Low,SMS,Weak,Standard_User,0,475,0.0,0,2023,No
492,2022-07-10,Phishing,Medium,SMS,Weak,Standard_User,0,1095,0.0,0,2022,No
493,2021-12-22,AiTM_Proxy,Low,SMS,Moderate,Standard_User,0,1095,0.0,0,2021,No
494,2025-04-13,Phishing,Low,SMS,Moderate,Standard_User,0,1095,0.0,0,2025,No
495,2024-12-23,AiTM_Proxy,Low,SMS,Moderate,Standard_User,0,1095,0.0,0,2024,No
496,2023-11-07,SIM_Swap,Low,SMS,Moderate,Standard_User,0,1095,0.0,0,2023,No
497,2022-10-01,Token_Theft,Medium,SMS,Moderate,Standard_User,0,1095,0.0,0,2022,No
498,2022-01-14,AiTM_Proxy,Low,TOTP,Strong,Standard_User,0,1095,0.0,0,2022,No
499,2022-11-11,AiTM_Proxy,High,TOTP,Strong,Standard_User,0,1095,0.0,0,2022,No
500,2022-05-21,Phishing,High,SMS,Moderate,Standard_User,0,1095,0.0,0,2022,No
501,2025-11-15,SIM_Swap,Medium,SMS,Strong,Standard_User,0,1095,0.0,0,2025,No
502,2023-06-18,Phishing,Medium,SMS,Moderate,Standard_User,0,1095,0.0,0,2023,No
503,2021-03-17,SIM_Swap,Low,TOTP,Moderate,Admin,0,184,0.0,0,2021,No
504,2021-08-19,Phishing,Medium,SMS,Strong,Standard_User,0,1095,0.0,0,2021,No
505,2025-10-06,AiTM_Proxy,Medium,SMS,Weak,Standard_User,0,67,0.0,0,2025,No
506,2023-08-20,Phishing,Low,NO_MFA,Weak,Standard_User,0,1095,0.0,0,2023,No
507,2024-06-25,Token_Theft,High,SMS,Strong,Admin,0,1095,0.0,0,2024,No
508,2021-10-29,SIM_Swap,Medium,SMS,Moderate,Standard_User,0,1095,0.0,0,2021,No
509,2022-12-27,SIM_Swap,High,SMS,Strong,Standard_User,0,1095,0.0,0,2022,No
510,2021-08-03,AiTM_Proxy,Medium,TOTP,Strong,Standard_User,0,1095,0.0,0,2021,No
511,2024-03-27,SIM_Swap,Medium,SMS,Weak,Standard_User,0,1095,0.0,0,2024,No
512,2021-03-10,Token_Theft,Low,NO_MFA,Strong,Standard_User,0,1095,0.0,0,2021,No
513,2022-01-28,Phishing,High,NO_MFA,Moderate,Admin,0,1095,0.0,0,2022,No
514,2024-01-14,AiTM_Proxy,High,TOTP,Moderate,Standard_User,0,1095,0.0,0,2024,No
515,2021-09-24,Token_Theft,Low,SMS,Moderate,Standard_User,0,1095,0.0,0,2021,No
516,2023-12-29,SIM_Swap,Low,SMS,Strong,Standard_User,0,1095,0.0,0,2023,No
517,2022-09-03,SIM_Swap,Low,SMS,Weak,Standard_User,0,1095,0.0,0,2022,No
518,2024-10-02,Token_Theft,Medium,SMS,Moderate,Standard_User,0,1095,0.0,0,2024,No
519,2023-10-06,Phishing,High,SMS,Moderate,Standard_User,0,134,0.0,0,2023,No
520,2023-08-20,Phishing,Low,TOTP,Moderate,Standard_User,0,1095,0.0,0,2023,No
521,2022-12-29,AiTM_Proxy,Medium,TOTP,Moderate,Standard_User,0,12,0.0,0,2022,No
522,2022-11-04,SIM_Swap,Low,TOTP,Weak,Standard_User,0,1095,0.0,0,2022,No
523,2022-02-27,Token_Theft,High,SMS,Weak,Standard_User,0,1095,0.0,0,2022,No
524,2025-06-18,Phishing,Medium,SMS,Moderate,Standard_User,0,647,0.0,0,2025,No
525,2024-04-12,AiTM_Proxy,Medium,TOTP,Strong,Standard_User,0,223,0.0,1,2024,No
526,2025-08-28,SIM_Swap,Low,SMS,Weak,Standard_User,0,1095,0.0,0,2025,No
527,2021-04-25,SIM_Swap,Low,SMS,Weak,Admin,0,1095,0.0,0,2021,No
528,2021-08-08,AiTM_Proxy,Low,TOTP,Strong,Standard_User,0,1095,0.0,0,2021,No
502,2021-01-31,Token_Theft,Low,TOTP,Weak,Admin,1,1095,198000.0,0,2021,Yes
530,2025-03-27,Phishing,High,TOTP,Strong,Standard_User,0,1095,0.0,0,2025,No
531,2024-09-28,Token_Theft,Medium,SMS,Moderate,Standard_User,0,1095,0.0,0,2024,No
532,2024-11-01,SIM_Swap,High,SMS,Strong,Standard_User,0,1095,0.0,0,2024,No
533,2024-02-28,Token_Theft,High,TOTP,Weak,Standard_User,0,1095,0.0,0,2024,No
534,2022-09-09,SIM_Swap,Medium,SMS,Weak,Standard_User,0,1095,0.0,0,2022,No
535,2022-06-23,SIM_Swap,Medium,TOTP,Moderate,Standard_User,0,1095,0.0,0,2022,No
536,2023-01-09,Token_Theft,High,TOTP,Strong,Standard_User,0,117,0.0,1,2023,No
537,2023-10-23,AiTM_Proxy,Medium,SMS,Moderate,Standard_User,0,1095,0.0,0,2023,No
538,2023-05-21,Phishing,Low,SMS,Weak,Standard_User,0,219,0.0,1,2023,No
539,2021-04-11,SIM_Swap,Low,SMS,Moderate,Standard_User,0,1095,0.0,0,2021,No
540,2025-04-06,AiTM_Proxy,Low,SMS,Moderate,Standard_User,0,574,0.0,1,2025,No
541,2023-12-18,SIM_Swap,High,SMS,Moderate,Standard_User,0,1095,0.0,0,2023,No
542,2024-11-13,Phishing,Medium,SMS,Moderate,Standard_User,0,1095,0.0,0,2024,No
543,2022-11-23,SIM_Swap,Low,SMS,Strong,Standard_User,0,1095,0.0,0,2022,No
544,2023-07-30,Phishing,Medium,SMS,Moderate,Standard_User,0,195,0.0,1,2023,No
545,2021-12-07,Phishing,Medium,SMS,Weak,Standard_User,0,1095,0.0,0,2021,No
546,2023-05-11,SIM_Swap,Low,SMS,Moderate,Standard_User,0,1095,0.0,0,2023,No
547,2023-11-10,SIM_Swap,Low,TOTP,Weak,Standard_User,0,1095,0.0,0,2023,No
548,2024-07-02,Phishing,Medium,TOTP,Moderate,Standard_User,0,1095,0.0,0,2024,No
549,2024-09-02,AiTM_Proxy,Medium,SMS,Moderate,Standard_User,0,1095,0.0,0,2024,No
550,2021-02-07,Token_Theft,Medium,SMS,Weak,Standard_User,0,1095,0.0,0,2021,No
551,2022-10-22,Phishing,Medium,SMS,Moderate,Standard_User,0,1095,0.0,0,2022,No
552,2025-04-10,SIM_Swap,High,SMS,Weak,Standard_User,0,628,0.0,0,2025,No
553,2024-11-10,SIM_Swap,Medium,SMS,Strong,Standard_User,0,1095,0.0,0,2024,No
554,2025-07-15,AiTM_Proxy,Medium,TOTP,Strong,Standard_User,0,1095,0.0,0,2025,No
555,2023-07-17,Token_Theft,High,SMS,Weak,Standard_User,0,56,0.0,0,2023,No
556,2023-11-16,Phishing,Low,SMS,Strong,Standard_User,0,1095,0.0,0,2023,No
557,2022-03-30,Phishing,Low,TOTP,Moderate,Standard_User,0,1095,0.0,0,2022,No
558,2025-09-01,Token_Theft,Low,SMS,Weak,Standard_User,0,1095,0.0,0,2025,No
559,2024-09-08,Phishing,Medium,SMS,Weak,Standard_User,0,1095,0.0,0,2024,No
560,2023-01-07,Token_Theft,Medium,TOTP,Moderate,Standard_User,0,1095,0.0,0,2023,No
561,2025-03-17,SIM_Swap,Medium,TOTP,Moderate,Standard_User,0,68,0.0,0,2025,No
562,2023-03-30,Token_Theft,Low,SMS,Moderate,Standard_User,0,24,0.0,0,2023,No
563,2023-02-12,Phishing,Low,SMS,Weak,Standard_User,0,1095,0.0,0,2023,No
564,2021-01-13,Token_Theft,Low,SMS,Weak,Standard_User,0,1095,0.0,0,2021,No
565,2023-07-04,AiTM_Proxy,Low,TOTP,Moderate,Standard_User,0,1095,0.0,0,2023,No
566,2025-05-03,SIM_Swap,Medium,SMS,Weak,Standard_User,0,1095,0.0,0,2025,No
567,2023-07-10,SIM_Swap,Low,NO_MFA,Weak,Standard_User,0,1095,0.0,0,2023,No
568,2023-04-05,Token_Theft,Low,TOTP,Weak,Standard_User,0,1095,0.0,0,2023,No
569,2022-01-06,Phishing,High,SMS,Strong,Standard_User,0,533,0.0,1,2022,No
570,2024-08-07,AiTM_Proxy,Low,SMS,Strong,Standard_User,0,1095,0.0,0,2024,No
571,2021-11-28,SIM_Swap,Medium,SMS,Moderate,Standard_User,0,1095,0.0,0,2021,No
572,2025-06-18,SIM_Swap,Medium,SMS,Strong,Standard_User,0,7,0.0,1,2025,No
573,2021-09-18,Phishing,Low,NO_MFA,Moderate,Standard_User,0,1095,0.0,0,2021,No
574,2025-12-19,Phishing,Medium,NO_MFA,Moderate,Admin,0,1095,0.0,0,2025,No
575,2024-05-13,AiTM_Proxy,High,TOTP,Weak,Standard_User,0,1095,0.0,0,2024,No
576,2022-11-28,Token_Theft,High,SMS,Moderate,Standard_User,0,164,0.0,0,2022,No
577,2022-11-18,Phishing,Low,TOTP,Strong,Standard_User,0,1095,0.0,0,2022,No
578,2023-08-08,Token_Theft,High,TOTP,Moderate,Standard_User,0,1095,0.0,0,2023,No
579,2022-01-22,AiTM_Proxy,Low,SMS,Moderate,Standard_User,0,1095,0.0,0,2022,No
580,2023-04-01,Token_Theft,Low,SMS,Moderate,Standard_User,0,1095,0.0,0,2023,No
581,2022-04-13,SIM_Swap,Low,TOTP,Weak,Standard_User,0,1095,0.0,0,2022,No
582,2024-12-09,Token_Theft,High,SMS,Strong,Standard_User,0,367,0.0,1,2024,No
583,2021-03-10,AiTM_Proxy,Low,NO_MFA,Moderate,Standard_User,0,1095,0.0,0,2021,No
584,2025-02-04,AiTM_Proxy,Low,SMS,Moderate,Standard_User,0,1095,0.0,0,2025,No
585,2024-02-02,AiTM_Proxy,Medium,SMS,Moderate,Standard_User,0,1095,0.0,0,2024,No
586,2025-11-17,Token_Theft,Low,SMS,Moderate,Standard_User,0,1095,0.0,0,2025,No
587,2024-03-30,SIM_Swap,Low,SMS,Weak,Standard_User,0,1095,0.0,0,2024,No
588,2021-07-19,Phishing,Low,NO_MFA,Moderate,Standard_User,0,1095,0.0,0,2021,No
589,2021-08-04,SIM_Swap,Low,TOTP,Weak,Standard_User,0,1095,0.0,0,2021,No
590,2021-07-31,Token_Theft,Low,SMS,Moderate,Standard_User,0,1095,0.0,0,2021,No
591,2022-05-23,Token_Theft,Low,TOTP,Strong,Admin,0,1095,0.0,0,2022,No
592,2021-01-16,Phishing,Medium,TOTP,Strong,Standard_User,0,1095,0.0,0,2021,No
593,2025-03-02,Token_Theft,Low,SMS,Moderate,Standard_User,0,399,0.0,0,2025,No
594,2023-06-03,AiTM_Proxy,Low,SMS,Moderate,Standard_User,0,1095,0.0,0,2023,No
595,2021-11-28,AiTM_Proxy,High,SMS,Weak,Standard_User,0,1095,0.0,0,2021,No
596,2022-12-18,AiTM_Proxy,Low,SMS,Moderate,Standard_User,0,1095,0.0,0,2022,No
597,2022-07-05,AiTM_Proxy,Medium,SMS,Weak,Standard_User,0,107,0.0,0,2022,No
598,2025-06-13,AiTM_Proxy,Low,SMS,Moderate,Standard_User,0,1095,0.0,0,2025,No
599,2023-07-31,Token_Theft,Low,SMS,Weak,Standard_User,0,1095,0.0,0,2023,No
600,2021-09-13,Phishing,Low,SMS,Weak,Standard_User,0,1095,0.0,0,2021,No
601,2023-09-19,Phishing,Low,TOTP,Moderate,Standard_User,0,1095,0.0,0,2023,No
602,2025-11-25,AiTM_Proxy,Low,SMS,Weak,Standard_User,0,1095,0.0,0,2025,No
603,2022-12-29,Token_Theft,Low,SMS,Moderate,Standard_User,0,1095,0.0,0,2022,No
604,2023-05-30,SIM_Swap,Low,SMS,Moderate,Standard_User,0,1095,0.0,0,2023,No
605,2023-03-26,SIM_Swap,Low,SMS,Weak,Standard_User,0,1095,0.0,0,2023,No
606,2024-04-10,Token_Theft,Low,SMS,Moderate,Standard_User,0,1095,0.0,0,2024,No
607,2022-10-11,AiTM_Proxy,Low,TOTP,Weak,Standard_User,0,1095,0.0,0,2022,No
608,2023-09-27,Phishing,Low,SMS,Weak,Standard_User,0,1095,0.0,0,2023,No
609,2025-03-02,Token_Theft,Medium,SMS,Moderate,Standard_User,0,111,0.0,1,2025,No
610,2022-04-16,SIM_Swap,Medium,SMS,Weak,Admin,0,40,0.0,0,2022,No
611,2024-11-08,SIM_Swap,Low,TOTP,Strong,Standard_User,0,1095,0.0,0,2024,No
612,2022-11-21,SIM_Swap,Medium,SMS,Weak,Standard_User,0,1095,0.0,0,2022,No
613,2025-06-01,AiTM_Proxy,Medium,SMS,Weak,Standard_User,0,1095,0.0,0,2025,No
614,2022-12-01,SIM_Swap,Low,SMS,Moderate,Standard_User,0,1095,0.0,0,2022,No
615,2022-05-22,Token_Theft,High,SMS,Moderate,Standard_User,0,200,0.0,0,2022,No
616,2023-09-19,Token_Theft,High,SMS,Weak,Standard_User,0,1095,0.0,0,2023,No
617,2023-10-07,SIM_Swap,Low,SMS,Moderate,Standard_User,0,1095,0.0,0,2023,No
618,2025-03-31,Token_Theft,Low,SMS,Weak,Standard_User,0,1095,0.0,0,2025,No
619,2023-03-15,SIM_Swap,Medium,SMS,Strong,Standard_User,0,1095,0.0,0,2023,No
620,2023-04-11,SIM_Swap,Medium,TOTP,Moderate,Standard_User,0,1095,0.0,0,2023,No
621,2024-09-10,Phishing,Low,TOTP,Moderate,Standard_User,0,1095,0.0,0,2024,No
622,2021-08-02,AiTM_Proxy,Low,SMS,Strong,Standard_User,0,310,0.0,1,2021,No
623,2024-05-16,AiTM_Proxy,Low,SMS,Moderate,Standard_User,0,1095,0.0,0,2024,No
624,2021-06-18,Phishing,Low,SMS,Strong,Standard_User,0,1095,0.0,0,2021,No
625,2024-09-15,Phishing,Medium,TOTP,Moderate,Standard_User,0,51,0.0,0,2024,No
626,2024-07-27,AiTM_Proxy,Low,SMS,Strong,Standard_User,0,1095,0.0,0,2024,No
627,2023-09-05,SIM_Swap,Low,SMS,Weak,Standard_User,0,1095,0.0,0,2023,No
628,2024-08-21,SIM_Swap,Medium,SMS,Moderate,Standard_User,0,1095,0.0,0,2024,No
629,2021-05-26,AiTM_Proxy,Low,SMS,Moderate,Standard_User,0,1095,0.0,0,2021,No
630,2025-12-04,SIM_Swap,Low,SMS,Moderate,Standard_User,0,1095,0.0,0,2025,No
631,2022-05-31,Phishing,Medium,TOTP,Moderate,Standard_User,0,1095,0.0,0,2022,No
632,2024-01-19,SIM_Swap,High,TOTP,Moderate,Standard_User,0,98,0.0,1,2024,No
633,2022-03-29,SIM_Swap,Medium,SMS,Weak,Standard_User,0,1095,0.0,0,2022,No
634,2021-03-01,Token_Theft,Medium,TOTP,Weak,Standard_User,0,1095,0.0,0,2021,No
635,2024-08-27,Token_Theft,Low,TOTP,Moderate,Standard_User,0,1095,0.0,0,2024,No
636,2022-06-12,Token_Theft,Low,SMS,Moderate,Standard_User,0,1095,0.0,0,2022,No
637,2024-06-04,SIM_Swap,Medium,TOTP,Strong,Standard_User,0,1095,0.0,0,2024,No
638,2023-10-21,AiTM_Proxy,Low,SMS,Moderate,Standard_User,0,1095,0.0,0,2023,No
639,2022-04-19,Phishing,Low,SMS,Strong,Standard_User,0,1095,0.0,0,2022,No
640,2025-04-14,SIM_Swap,Low,TOTP,Moderate,Standard_User,0,1095,0.0,0,2025,No
641,2025-08-14,AiTM_Proxy,Low,SMS,Weak,Standard_User,0,1095,0.0,0,2025,No
642,2023-01-27,SIM_Swap,Low,SMS,Weak,Standard_User,0,1095,0.0,0,2023,No
643,2023-02-21,Phishing,Low,SMS,Moderate,Standard_User,0,1095,0.0,0,2023,No
644,2024-01-08,SIM_Swap,Low,SMS,Moderate,Standard_User,0,1095,0.0,0,2024,No
645,2022-03-09,Phishing,Low,TOTP,Weak,Standard_User,0,1095,0.0,0,2022,No
646,2025-12-30,SIM_Swap,High,SMS,Moderate,Standard_User,0,913,0.0,0,2025,No
647,2024-03-22,Phishing,Medium,SMS,Strong,Standard_User,0,377,0.0,1,2024,No
648,2025-12-18,SIM_Swap,Medium,SMS,Moderate,Standard_User,0,1095,0.0,0,2025,No
649,2022-02-05,Phishing,Medium,SMS,Moderate,Standard_User,0,1095,0.0,0,2022,No
650,2024-07-26,Token_Theft,Low,TOTP,Moderate,Admin,0,1095,0.0,0,2024,No
651,2021-02-26,SIM_Swap,Low,SMS,Weak,Standard_User,0,1095,0.0,0,2021,No
652,2023-09-30,SIM_Swap,Medium,TOTP,Moderate,Standard_User,0,1095,0.0,0,2023,No
653,2021-07-05,AiTM_Proxy,Medium,SMS,Moderate,Standard_User,0,50,0.0,1,2021,No
654,2022-02-02,AiTM_Proxy,Medium,SMS,Weak,Standard_User,0,144,0.0,0,2022,No
655,2022-08-28,Phishing,Low,SMS,Moderate,Standard_User,0,1095,0.0,0,2022,No
656,2023-02-27,SIM_Swap,Low,SMS,Moderate,Standard_User,0,1095,0.0,0,2023,No
657,2021-06-07,Phishing,Low,SMS,Strong,Standard_User,0,1095,0.0,0,2021,No
890,2025-12-16,Phishing,Low,SMS,Strong,Standard_User,1,1095,175000.0,0,2025,Yes
659,2025-09-13,AiTM_Proxy,Medium,NO_MFA,Weak,Standard_User,0,1095,0.0,0,2025,No
660,2024-10-14,Phishing,Medium,SMS,Moderate,Standard_User,0,1095,0.0,0,2024,No
661,2025-01-03,Phishing,Low,TOTP,Moderate,Standard_User,0,1095,0.0,0,2025,No
662,2022-08-12,AiTM_Proxy,High,TOTP,Strong,Standard_User,0,1095,0.0,0,2022,No
663,2022-04-11,SIM_Swap,Medium,SMS,Weak,Standard_User,0,1095,0.0,0,2022,No
664,2025-08-14,Phishing,Low,SMS,Moderate,Standard_User,0,1095,0.0,0,2025,No
665,2022-03-22,AiTM_Proxy,Low,SMS,Moderate,Standard_User,0,1095,0.0,0,2022,No
666,2025-11-09,SIM_Swap,Low,TOTP,Weak,Standard_User,0,1095,0.0,0,2025,No
667,2023-03-12,Token_Theft,Low,TOTP,Weak,Standard_User,0,1095,0.0,0,2023,No
668,2025-11-02,AiTM_Proxy,Low,TOTP,Moderate,Standard_User,0,1095,0.0,0,2025,No
669,2025-02-20,Phishing,Low,SMS,Moderate,Standard_User,0,1095,0.0,0,2025,No
670,2025-04-03,Token_Theft,Low,SMS,Moderate,Standard_User,0,1095,0.0,0,2025,No
671,2024-01-02,SIM_Swap,Low,TOTP,Moderate,Standard_User,0,1095,0.0,0,2024,No
672,2023-07-18,SIM_Swap,High,SMS,Moderate,Standard_User,0,1095,0.0,0,2023,No
673,2025-09-21,AiTM_Proxy,Low,SMS,Moderate,Standard_User,0,1095,0.0,0,2025,No
674,2021-01-17,AiTM_Proxy,Medium,SMS,Weak,Standard_User,0,1095,0.0,0,2021,No
675,2025-04-04,AiTM_Proxy,Low,TOTP,Strong,Standard_User,0,1095,0.0,0,2025,No
676,2023-01-01,SIM_Swap,High,TOTP,Weak,Standard_User,0,1095,0.0,0,2023,No
677,2021-11-22,Token_Theft,Low,NO_MFA,Moderate,Standard_User,0,38,0.0,1,2021,No
678,2023-09-22,SIM_Swap,Low,TOTP,Weak,Standard_User,0,1095,0.0,0,2023,No
679,2025-07-14,Phishing,High,SMS,Weak,Standard_User,0,19,0.0,0,2025,No
680,2022-09-05,SIM_Swap,High,TOTP,Moderate,Standard_User,0,1095,0.0,1,2022,No
681,2022-06-30,Phishing,Medium,SMS,Weak,Standard_User,0,1095,0.0,0,2022,No
682,2022-08-19,Token_Theft,Low,TOTP,Strong,Standard_User,0,1095,0.0,0,2022,No
683,2023-07-10,AiTM_Proxy,Low,SMS,Weak,Standard_User,0,1095,0.0,0,2023,No
684,2025-09-28,AiTM_Proxy,Medium,SMS,Moderate,Standard_User,0,1095,0.0,0,2025,No
685,2023-04-22,SIM_Swap,High,NO_MFA,Moderate,Standard_User,0,1095,0.0,0,2023,No
686,2024-05-10,AiTM_Proxy,Medium,TOTP,Weak,Standard_User,0,1095,0.0,0,2024,No
687,2021-12-10,Token_Theft,Medium,TOTP,Weak,Standard_User,0,1095,0.0,0,2021,No
688,2025-03-27,AiTM_Proxy,Low,SMS,Moderate,Standard_User,0,1095,0.0,0,2025,No
689,2023-05-09,SIM_Swap,Medium,SMS,Moderate,Standard_User,0,859,0.0,1,2023,No
690,2024-11-24,Token_Theft,Low,TOTP,Moderate,Standard_User,0,1095,0.0,0,2024,No
691,2024-05-26,Phishing,Low,TOTP,Moderate,Standard_User,0,1095,0.0,0,2024,No
692,2022-03-21,SIM_Swap,Low,TOTP,Moderate,Standard_User,0,1095,0.0,0,2022,No
693,2025-11-24,Phishing,Medium,SMS,Weak,Standard_User,0,257,0.0,0,2025,No
694,2021-08-10,Token_Theft,Low,SMS,Moderate,Standard_User,0,9,0.0,1,2021,No
695,2024-11-07,SIM_Swap,Low,SMS,Strong,Standard_User,0,1095,0.0,0,2024,No
696,2022-08-15,SIM_Swap,Medium,SMS,Moderate,Standard_User,0,334,0.0,1,2022,No
697,2023-10-28,Token_Theft,Low,SMS,Moderate,Admin,0,1095,0.0,0,2023,No
698,2024-07-19,AiTM_Proxy,Medium,SMS,Moderate,Standard_User,0,1095,0.0,0,2024,No
699,2025-10-29,SIM_Swap,Low,SMS,Moderate,Standard_User,0,1095,0.0,0,2025,No
700,2023-10-15,SIM_Swap,Low,SMS,Moderate,Standard_User,0,1095,0.0,0,2023,No
701,2021-01-16,Phishing,Medium,SMS,Moderate,Standard_User,0,1095,0.0,0,2021,No
702,2024-12-18,AiTM_Proxy,Low,TOTP,Strong,Standard_User,0,288,0.0,1,2024,No
703,2022-06-08,Phishing,Low,SMS,Weak,Standard_User,0,1095,0.0,0,2022,No
704,2023-03-14,Phishing,Low,SMS,Weak,Standard_User,0,1095,0.0,0,2023,No
705,2025-11-12,AiTM_Proxy,Low,SMS,Moderate,Standard_User,0,210,0.0,1,2025,No
706,2021-01-21,AiTM_Proxy,High,SMS,Strong,Standard_User,0,142,0.0,1,2021,No
707,2025-09-10,Token_Theft,Low,SMS,Weak,Standard_User,0,1095,0.0,0,2025,No
708,2021-08-16,AiTM_Proxy,Medium,SMS,Weak,Standard_User,0,1095,0.0,0,2021,No
709,2023-10-05,SIM_Swap,Low,SMS,Weak,Standard_User,0,1095,0.0,0,2023,No
710,2025-12-14,AiTM_Proxy,Medium,NO_MFA,Weak,Admin,0,1095,0.0,0,2025,No
711,2024-08-04,Token_Theft,Medium,TOTP,Moderate,Standard_User,0,17,0.0,1,2024,No
712,2023-03-20,Token_Theft,Medium,SMS,Moderate,Standard_User,0,1095,0.0,0,2023,No
713,2024-03-03,Token_Theft,Low,TOTP,Moderate,Standard_User,0,1095,0.0,0,2024,No
714,2024-07-30,AiTM_Proxy,Low,TOTP,Moderate,Standard_User,0,1095,0.0,0,2024,No
715,2022-02-08,AiTM_Proxy,Low,TOTP,Weak,Admin,0,1095,0.0,0,2022,No
716,2025-08-16,Phishing,High,TOTP,Weak,Standard_User,0,1095,0.0,0,2025,No
717,2023-12-26,Phishing,Medium,SMS,Moderate,Standard_User,0,1095,0.0,0,2023,No
718,2025-07-31,SIM_Swap,High,SMS,Strong,Standard_User,0,1095,0.0,0,2025,No
719,2025-06-16,Phishing,Low,SMS,Strong,Standard_User,0,1095,0.0,0,2025,No
720,2022-03-13,SIM_Swap,Medium,SMS,Weak,Standard_User,0,1095,0.0,0,2022,No
721,2023-04-09,Token_Theft,High,SMS,Strong,Standard_User,0,254,0.0,1,2023,No
722,2023-07-23,Phishing,Low,TOTP,Moderate,Standard_User,0,1095,0.0,0,2023,No
723,2021-09-16,AiTM_Proxy,Low,TOTP,Moderate,Standard_User,0,1095,0.0,0,2021,No
724,2021-04-13,Phishing,Medium,SMS,Moderate,Standard_User,0,1095,0.0,0,2021,No
725,2023-09-20,SIM_Swap,Medium,SMS,Moderate,Standard_User,0,1095,0.0,0,2023,No
726,2025-05-10,Phishing,Medium,SMS,Moderate,Standard_User,0,1095,0.0,0,2025,No
727,2023-02-08,Token_Theft,Low,SMS,Weak,Standard_User,0,1095,0.0,0,2023,No
728,2024-01-30,AiTM_Proxy,Medium,SMS,Weak,Standard_User,0,1095,0.0,0,2024,No
729,2024-05-06,SIM_Swap,Low,SMS,Weak,Standard_User,0,1095,0.0,0,2024,No
730,2023-03-24,AiTM_Proxy,Low,SMS,Moderate,Standard_User,0,1095,0.0,0,2023,No
731,2021-08-14,AiTM_Proxy,Low,TOTP,Moderate,Standard_User,0,1095,0.0,0,2021,No
732,2023-08-01,SIM_Swap,Medium,SMS,Moderate,Admin,0,1095,0.0,0,2023,No
733,2022-04-08,AiTM_Proxy,Medium,NO_MFA,Weak,Standard_User,0,1095,0.0,0,2022,No
734,2021-08-25,AiTM_Proxy,Medium,SMS,Strong,Standard_User,0,1095,0.0,0,2021,No
735,2023-11-16,Phishing,Low,SMS,Strong,Standard_User,0,1095,0.0,0,2023,No
736,2024-02-19,AiTM_Proxy,High,SMS,Moderate,Standard_User,0,1095,0.0,0,2024,No
737,2022-05-21,AiTM_Proxy,Low,SMS,Strong,Standard_User,0,1095,0.0,0,2022,No
738,2024-04-20,AiTM_Proxy,Medium,SMS,Moderate,Standard_User,0,157,0.0,1,2024,No
739,2025-10-01,AiTM_Proxy,Low,SMS,Strong,Standard_User,0,1095,0.0,0,2025,No
740,2023-03-25,SIM_Swap,Low,SMS,Weak,Standard_User,0,1095,0.0,0,2023,No
741,2023-02-06,Token_Theft,Low,TOTP,Moderate,Standard_User,0,1095,0.0,0,2023,No
742,2022-09-26,Phishing,Low,SMS,Weak,Standard_User,0,1095,0.0,0,2022,No
743,2025-04-16,AiTM_Proxy,Medium,TOTP,Weak,Standard_User,0,1095,0.0,0,2025,No
744,2024-08-31,AiTM_Proxy,Medium,SMS,Weak,Standard_User,0,37,0.0,1,2024,No
745,2023-09-18,SIM_Swap,Low,TOTP,Moderate,Standard_User,0,1095,0.0,0,2023,No
746,2025-12-26,Token_Theft,High,TOTP,Moderate,Standard_User,0,1095,0.0,0,2025,No
747,2022-09-10,AiTM_Proxy,Low,SMS,Moderate,Standard_User,0,38,0.0,1,2022,No
748,2025-10-26,SIM_Swap,Medium,SMS,Weak,Standard_User,0,37,0.0,0,2025,No
749,2021-09-30,Phishing,High,SMS,Strong,Standard_User,0,1095,0.0,0,2021,No
750,2021-08-20,Phishing,Medium,SMS,Moderate,Standard_User,0,1095,0.0,0,2021,No
751,2024-12-14,AiTM_Proxy,Low,NO_MFA,Moderate,Standard_User,0,1095,0.0,0,2024,No
752,2023-02-07,AiTM_Proxy,High,SMS,Moderate,Standard_User,0,1095,0.0,0,2023,No
753,2025-01-05,Token_Theft,Medium,SMS,Weak,Standard_User,0,11,0.0,0,2025,No
754,2022-05-11,Token_Theft,Low,SMS,Moderate,Standard_User,0,1095,0.0,0,2022,No
755,2023-11-14,AiTM_Proxy,Low,SMS,Strong,Standard_User,0,1095,0.0,0,2023,No
756,2024-02-07,SIM_Swap,Medium,SMS,Weak,Standard_User,0,1095,0.0,0,2024,No
757,2025-09-23,Token_Theft,Medium,SMS,Moderate,Standard_User,0,1095,0.0,0,2025,No
758,2022-05-17,AiTM_Proxy,Medium,SMS,Strong,Standard_User,0,1095,0.0,0,2022,No
759,2021-01-25,Token_Theft,High,SMS,Moderate,Standard_User,0,160,0.0,0,2021,No
760,2024-04-25,AiTM_Proxy,Medium,TOTP,Weak,Standard_User,0,1095,0.0,0,2024,No
761,2021-10-15,Phishing,Low,SMS,Weak,Standard_User,0,1095,0.0,0,2021,No
762,2025-07-10,AiTM_Proxy,Low,TOTP,Weak,Standard_User,0,1095,0.0,0,2025,No
763,2021-12-04,Phishing,Low,SMS,Moderate,Standard_User,0,1095,0.0,0,2021,No
764,2023-11-27,Token_Theft,Medium,SMS,Moderate,Standard_User,0,1095,0.0,0,2023,No
765,2025-12-23,AiTM_Proxy,Low,SMS,Weak,Standard_User,0,330,0.0,0,2025,No
766,2021-05-17,Token_Theft,Medium,SMS,Strong,Standard_User,0,1095,0.0,0,2021,No
767,2022-05-23,Phishing,Medium,TOTP,Moderate,Standard_User,0,1095,0.0,0,2022,No
768,2021-08-15,AiTM_Proxy,High,TOTP,Weak,Standard_User,0,1095,0.0,0,2021,No
769,2021-11-16,Token_Theft,Low,TOTP,Moderate,Standard_User,0,3,0.0,1,2021,No
770,2023-07-05,Phishing,Medium,SMS,Moderate,Standard_User,0,1095,0.0,0,2023,No
771,2024-04-20,Token_Theft,Low,SMS,Weak,Standard_User,0,1095,0.0,0,2024,No
772,2021-03-27,SIM_Swap,Medium,TOTP,Weak,Standard_User,0,1095,0.0,0,2021,No
773,2025-01-30,Phishing,Low,SMS,Strong,Standard_User,0,1095,0.0,0,2025,No
774,2023-07-15,Phishing,Low,SMS,Moderate,Standard_User,0,1095,0.0,0,2023,No
775,2021-02-22,Phishing,Medium,TOTP,Moderate,Standard_User,0,1095,0.0,0,2021,No
776,2023-05-10,AiTM_Proxy,Low,SMS,Moderate,Standard_User,0,1095,0.0,0,2023,No
777,2023-05-17,AiTM_Proxy,Low,SMS,Weak,Standard_User,0,1095,0.0,0,2023,No
778,2024-06-12,AiTM_Proxy,Medium,SMS,Weak,Standard_User,0,1095,0.0,0,2024,No
779,2025-12-08,SIM_Swap,Medium,SMS,Moderate,Standard_User,0,9,0.0,1,2025,No
780,2025-12-28,SIM_Swap,Medium,SMS,Weak,Standard_User,0,1095,0.0,0,2025,No
781,2022-03-09,Phishing,Medium,TOTP,Weak,Standard_User,0,153,0.0,0,2022,No
782,2025-02-28,SIM_Swap,Medium,SMS,Strong,Standard_User,0,1095,0.0,0,2025,No
783,2023-09-26,Token_Theft,Low,TOTP,Strong,Standard_User,0,1095,0.0,0,2023,No
784,2021-04-10,Phishing,Low,SMS,Moderate,Standard_User,0,1095,0.0,0,2021,No
785,2023-09-17,Phishing,Low,NO_MFA,Strong,Standard_User,0,1095,0.0,0,2023,No
786,2022-08-22,Token_Theft,High,TOTP,Weak,Standard_User,0,1095,0.0,0,2022,No
787,2022-02-07,Phishing,Medium,SMS,Strong,Standard_User,0,856,0.0,0,2022,No
788,2022-01-31,SIM_Swap,Low,SMS,Weak,Standard_User,0,1095,0.0,0,2022,No
789,2025-03-31,AiTM_Proxy,Low,TOTP,Strong,Standard_User,0,1095,0.0,0,2025,No
790,2022-02-19,Token_Theft,High,SMS,Strong,Admin,0,1095,0.0,0,2022,No
791,2023-07-28,SIM_Swap,Low,SMS,Moderate,Standard_User,0,1095,0.0,0,2023,No
792,2025-06-25,Token_Theft,Medium,SMS,Strong,Standard_User,0,1095,0.0,0,2025,No
793,2022-11-08,Token_Theft,Medium,SMS,Moderate,Standard_User,0,1095,0.0,0,2022,No
794,2022-04-08,Phishing,Medium,SMS,Weak,Standard_User,0,1095,0.0,0,2022,No
795,2022-06-25,Phishing,Low,SMS,Moderate,Standard_User,0,71,0.0,0,2022,No
796,2025-07-08,SIM_Swap,High,SMS,Moderate,Standard_User,0,77,0.0,1,2025,No
797,2025-07-01,Token_Theft,High,SMS,Weak,Standard_User,0,1095,0.0,0,2025,No
798,2024-10-19,Phishing,Medium,SMS,Moderate,Standard_User,0,1095,0.0,0,2024,No
799,2024-02-28,Phishing,Medium,SMS,Strong,Standard_User,0,1095,0.0,0,2024,No
800,2021-03-25,Token_Theft,High,SMS,Weak,Standard_User,0,163,0.0,0,2021,No
801,2021-09-28,SIM_Swap,Medium,TOTP,Moderate,Standard_User,0,1095,0.0,0,2021,No
802,2021-09-01,SIM_Swap,Low,TOTP,Strong,Standard_User,0,1095,0.0,0,2021,No
803,2022-01-23,Token_Theft,Medium,SMS,Strong,Standard_User,0,58,0.0,0,2022,No
804,2021-08-02,SIM_Swap,Medium,SMS,Strong,Admin,0,5,0.0,1,2021,No
805,2023-03-29,Phishing,Low,SMS,Moderate,Standard_User,0,1095,0.0,0,2023,No
806,2024-04-04,Token_Theft,Medium,TOTP,Strong,Admin,0,1095,0.0,0,2024,No
807,2025-12-20,Phishing,High,SMS,Moderate,Standard_User,0,1095,0.0,0,2025,No
808,2021-02-28,AiTM_Proxy,High,SMS,Weak,Standard_User,0,239,0.0,0,2021,No
809,2025-06-14,AiTM_Proxy,Low,SMS,Moderate,Standard_User,0,177,0.0,0,2025,No
810,2023-06-02,SIM_Swap,Low,SMS,Moderate,Standard_User,0,156,0.0,0,2023,No
811,2023-04-23,AiTM_Proxy,High,SMS,Weak,Standard_User,0,1095,0.0,0,2023,No
812,2023-07-13,Phishing,Medium,SMS,Moderate,Standard_User,0,1095,0.0,0,2023,No
813,2025-03-08,AiTM_Proxy,Low,TOTP,Moderate,Standard_User,0,244,0.0,1,2025,No
814,2025-09-26,Phishing,High,SMS,Weak,Standard_User,0,1095,0.0,0,2025,No
815,2021-05-03,SIM_Swap,High,SMS,Moderate,Standard_User,0,202,0.0,1,2021,No
816,2025-07-30,SIM_Swap,Medium,SMS,Moderate,Standard_User,0,1095,0.0,0,2025,No
112,2024-12-07,Token_Theft,Medium,NO_MFA,Moderate,Standard_User,1,1095,156000.0,0,2024,Yes
818,2024-03-08,AiTM_Proxy,Low,NO_MFA,Weak,Standard_User,0,115,0.0,0,2024,No
819,2024-06-06,SIM_Swap,Low,SMS,Weak,Standard_User,0,1095,0.0,0,2024,No
820,2024-07-21,Token_Theft,Low,TOTP,Moderate,Standard_User,0,1095,0.0,0,2024,No
821,2022-03-15,SIM_Swap,Medium,SMS,Strong,Standard_User,0,1095,0.0,0,2022,No
822,2023-10-19,AiTM_Proxy,Low,SMS,Weak,Standard_User,0,1095,0.0,0,2023,No
823,2022-07-16,Token_Theft,Low,SMS,Moderate,Standard_User,0,1095,0.0,0,2022,No
824,2021-04-28,AiTM_Proxy,Low,SMS,Weak,Standard_User,0,217,0.0,0,2021,No
825,2025-10-04,Phishing,Medium,TOTP,Moderate,Standard_User,0,1095,0.0,0,2025,No
826,2023-06-24,Token_Theft,High,TOTP,Strong,Standard_User,0,1095,0.0,0,2023,No
827,2025-02-15,AiTM_Proxy,Low,SMS,Moderate,Standard_User,0,1095,0.0,0,2025,No
828,2022-01-30,Token_Theft,Low,TOTP,Weak,Standard_User,0,1095,0.0,0,2022,No
829,2025-09-23,AiTM_Proxy,Medium,SMS,Moderate,Standard_User,0,1095,0.0,0,2025,No
830,2023-05-26,Token_Theft,Low,SMS,Weak,Standard_User,0,1095,0.0,0,2023,No
831,2025-01-23,AiTM_Proxy,Low,TOTP,Moderate,Standard_User,0,1095,0.0,0,2025,No
832,2025-09-13,Phishing,Low,SMS,Moderate,Standard_User,0,1095,0.0,0,2025,No
833,2023-07-24,Token_Theft,Low,SMS,Weak,Standard_User,0,1095,0.0,0,2023,No
834,2024-01-07,Token_Theft,Low,TOTP,Weak,Standard_User,0,1095,0.0,0,2024,No
835,2023-08-10,Token_Theft,Low,SMS,Moderate,Standard_User,0,1095,0.0,0,2023,No
836,2024-12-06,Token_Theft,Low,TOTP,Strong,Standard_User,0,67,0.0,1,2024,No
837,2021-03-16,Phishing,High,SMS,Strong,Standard_User,0,25,0.0,1,2021,No
838,2021-10-22,Token_Theft,Low,TOTP,Weak,Standard_User,0,1095,0.0,0,2021,No
839,2025-12-22,SIM_Swap,Medium,TOTP,Moderate,Standard_User,0,1095,0.0,0,2025,No
840,2021-01-21,Phishing,Medium,TOTP,Moderate,Standard_User,0,1095,0.0,0,2021,No
841,2024-04-09,SIM_Swap,Low,SMS,Moderate,Standard_User,0,203,0.0,1,2024,No
842,2023-11-05,Token_Theft,Medium,SMS,Moderate,Standard_User,0,978,0.0,1,2023,No
843,2024-05-19,AiTM_Proxy,Low,TOTP,Strong,Standard_User,0,1095,0.0,0,2024,No
844,2022-07-14,SIM_Swap,High,SMS,Strong,Standard_User,0,1095,0.0,0,2022,No
845,2024-01-15,Token_Theft,Low,SMS,Moderate,Standard_User,0,1095,0.0,0,2024,No
846,2024-03-18,SIM_Swap,Low,SMS,Moderate,Standard_User,0,1095,0.0,0,2024,No
847,2025-09-20,Token_Theft,Low,SMS,Moderate,Admin,0,1095,0.0,0,2025,No
848,2022-01-07,Token_Theft,High,TOTP,Weak,Standard_User,0,592,0.0,0,2022,No
849,2025-02-12,Token_Theft,Medium,NO_MFA,Moderate,Standard_User,0,1095,0.0,0,2025,No
850,2023-03-29,AiTM_Proxy,Medium,SMS,Moderate,Standard_User,0,1095,0.0,0,2023,No
851,2024-03-20,SIM_Swap,Low,TOTP,Moderate,Standard_User,0,1095,0.0,0,2024,No
852,2024-03-10,Phishing,Medium,SMS,Weak,Standard_User,0,990,0.0,0,2024,No
853,2023-12-29,Phishing,Low,SMS,Weak,Standard_User,0,1095,0.0,0,2023,No
854,2024-07-07,Phishing,High,SMS,Strong,Standard_User,0,1095,0.0,0,2024,No
855,2023-04-26,Phishing,Low,SMS,Weak,Standard_User,0,1095,0.0,0,2023,No
856,2022-06-05,Token_Theft,Low,TOTP,Moderate,Standard_User,0,1095,0.0,0,2022,No
857,2025-07-15,SIM_Swap,Low,SMS,Weak,Standard_User,0,1095,0.0,0,2025,No
858,2022-01-06,SIM_Swap,Low,SMS,Weak,Standard_User,0,102,0.0,0,2022,No
859,2024-12-13,AiTM_Proxy,Medium,TOTP,Weak,Standard_User,0,1095,0.0,0,2024,No
860,2021-04-11,SIM_Swap,Low,SMS,Weak,Standard_User,0,1095,0.0,0,2021,No
861,2022-10-23,SIM_Swap,Medium,TOTP,Strong,Standard_User,0,1095,0.0,0,2022,No
862,2025-08-09,SIM_Swap,Low,SMS,Weak,Standard_User,0,1095,0.0,0,2025,No
863,2023-08-26,AiTM_Proxy,Medium,SMS,Strong,Standard_User,0,1095,0.0,0,2023,No
864,2021-08-31,Phishing,Low,SMS,Moderate,Standard_User,0,1095,0.0,0,2021,No
865,2023-01-23,SIM_Swap,Low,TOTP,Moderate,Standard_User,0,1095,0.0,0,2023,No
10,2022-05-27,Phishing,Medium,SMS,Moderate,Standard_User,1,1095,134387.25,0,2022,Yes
867,2023-04-29,AiTM_Proxy,Low,TOTP,Moderate,Standard_User,0,1095,0.0,0,2023,No
868,2022-07-09,Token_Theft,Low,TOTP,Moderate,Standard_User,0,1095,0.0,0,2022,No
869,2024-01-24,AiTM_Proxy,High,TOTP,Weak,Standard_User,0,1095,0.0,0,2024,No
870,2021-08-14,Phishing,High,TOTP,Moderate,Standard_User,0,1095,0.0,0,2021,No
871,2025-03-22,SIM_Swap,Low,SMS,Strong,Standard_User,0,1095,0.0,0,2025,No
872,2021-08-02,AiTM_Proxy,Low,TOTP,Strong,Standard_User,0,1095,0.0,0,2021,No
873,2022-12-19,Phishing,Medium,SMS,Strong,Standard_User,0,1095,0.0,0,2022,No
874,2021-03-08,AiTM_Proxy,Low,SMS,Moderate,Standard_User,0,1095,0.0,0,2021,No
875,2022-01-31,AiTM_Proxy,Low,NO_MFA,Moderate,Standard_User,0,1095,0.0,0,2022,No
876,2022-09-04,AiTM_Proxy,Low,SMS,Moderate,Standard_User,0,1095,0.0,0,2022,No
877,2023-11-02,AiTM_Proxy,Medium,SMS,Moderate,Standard_User,0,1095,0.0,0,2023,No
878,2024-06-14,AiTM_Proxy,Medium,TOTP,Weak,Standard_User,0,1095,0.0,0,2024,No
879,2023-02-09,Phishing,Low,SMS,Moderate,Standard_User,0,20,0.0,1,2023,No
880,2024-11-23,SIM_Swap,Low,SMS,Weak,Standard_User,0,1095,0.0,0,2024,No
881,2022-02-11,SIM_Swap,Low,SMS,Moderate,Standard_User,0,1095,0.0,0,2022,No
882,2023-07-14,SIM_Swap,Medium,SMS,Strong,Standard_User,0,1095,0.0,0,2023,No
883,2025-02-12,SIM_Swap,Low,SMS,Weak,Admin,0,1095,0.0,0,2025,No
884,2022-10-09,Phishing,Low,TOTP,Weak,Standard_User,0,1095,0.0,0,2022,No
885,2021-08-10,Token_Theft,Medium,TOTP,Weak,Standard_User,0,302,0.0,1,2021,No
886,2024-03-25,Token_Theft,Low,TOTP,Strong,Standard_User,0,1095,0.0,0,2024,No
887,2022-10-16,Phishing,Medium,SMS,Moderate,Standard_User,0,1095,0.0,0,2022,No
888,2022-03-04,Phishing,Low,TOTP,Moderate,Standard_User,0,156,0.0,1,2022,No
889,2024-03-27,AiTM_Proxy,Low,TOTP,Strong,Standard_User,0,1095,0.0,0,2024,No
890,2023-09-04,AiTM_Proxy,Low,SMS,Strong,Standard_User,0,1095,0.0,0,2023,No
891,2024-12-10,AiTM_Proxy,Medium,SMS,Moderate,Standard_User,0,1095,0.0,0,2024,No
892,2023-10-03,SIM_Swap,High,SMS,Moderate,Standard_User,0,1095,0.0,0,2023,No
893,2024-09-11,AiTM_Proxy,Medium,TOTP,Moderate,Standard_User,0,1095,0.0,0,2024,No
894,2022-01-06,Token_Theft,Low,SMS,Moderate,Standard_User,0,1095,0.0,0,2022,No
895,2024-09-29,SIM_Swap,Medium,TOTP,Weak,Standard_User,0,1095,0.0,0,2024,No
896,2024-07-09,AiTM_Proxy,Low,SMS,Strong,Standard_User,0,1095,0.0,0,2024,No
897,2024-07-30,SIM_Swap,Low,TOTP,Moderate,Standard_User,0,1095,0.0,0,2024,No
898,2023-04-30,Token_Theft,High,SMS,Weak,Standard_User,0,173,0.0,0,2023,No
899,2023-05-06,AiTM_Proxy,Low,TOTP,Moderate,Standard_User,0,1095,0.0,0,2023,No
900,2021-08-17,Token_Theft,Low,TOTP,Weak,Standard_User,0,1095,0.0,0,2021,No
901,2021-10-07,Token_Theft,Low,SMS,Weak,Standard_User,0,1095,0.0,0,2021,No
902,2024-08-06,Token_Theft,Low,SMS,Moderate,Standard_User,0,274,0.0,0,2024,No
903,2025-08-31,AiTM_Proxy,Low,SMS,Weak,Standard_User,0,607,0.0,0,2025,No
904,2023-12-07,Phishing,Medium,SMS,Moderate,Standard_User,0,1095,0.0,0,2023,No
905,2023-09-02,AiTM_Proxy,Low,SMS,Moderate,Standard_User,0,1095,0.0,0,2023,No
906,2025-10-05,Token_Theft,High,SMS,Weak,Standard_User,0,1095,0.0,0,2025,No
907,2024-05-22,AiTM_Proxy,Medium,SMS,Strong,Standard_User,0,1095,0.0,0,2024,No
908,2023-01-28,Token_Theft,Low,SMS,Weak,Standard_User,0,1095,0.0,0,2023,No
909,2023-11-14,Phishing,Low,SMS,Moderate,Standard_User,0,1095,0.0,0,2023,No
910,2021-11-17,SIM_Swap,Low,NO_MFA,Moderate,Standard_User,0,1095,0.0,0,2021,No
911,2021-10-01,Phishing,Medium,SMS,Weak,Standard_User,0,324,0.0,0,2021,No
912,2022-07-10,Phishing,Low,SMS,Weak,Standard_User,0,1095,0.0,0,2022,No
913,2023-04-24,SIM_Swap,Medium,SMS,Moderate,Standard_User,0,1095,0.0,0,2023,No
914,2024-08-29,AiTM_Proxy,Low,SMS,Strong,Admin,0,1095,0.0,0,2024,No
915,2024-10-18,SIM_Swap,Medium,TOTP,Weak,Admin,0,1095,0.0,0,2024,No
916,2022-10-30,AiTM_Proxy,Low,SMS,Moderate,Standard_User,0,1095,0.0,0,2022,No
917,2023-09-27,AiTM_Proxy,Low,SMS,Moderate,Standard_User,0,1095,0.0,0,2023,No
918,2022-01-15,Token_Theft,High,SMS,Strong,Standard_User,0,1095,0.0,0,2022,No
919,2022-12-12,Token_Theft,Medium,TOTP,Moderate,Standard_User,0,1095,0.0,0,2022,No
920,2025-08-25,SIM_Swap,Low,SMS,Moderate,Standard_User,0,1095,0.0,0,2025,No
921,2025-02-02,Phishing,High,SMS,Moderate,Standard_User,0,1095,0.0,0,2025,No
922,2023-01-16,SIM_Swap,Low,TOTP,Moderate,Standard_User,0,1095,0.0,0,2023,No
923,2022-11-06,AiTM_Proxy,High,SMS,Strong,Standard_User,0,29,0.0,0,2022,No
924,2021-04-26,Token_Theft,Medium,SMS,Weak,Standard_User,0,1095,0.0,0,2021,No
925,2022-08-28,SIM_Swap,Low,SMS,Moderate,Admin,0,1095,0.0,0,2022,No
926,2023-12-02,SIM_Swap,Low,TOTP,Strong,Standard_User,0,1095,0.0,0,2023,No
927,2025-12-25,Token_Theft,Low,SMS,Strong,Standard_User,0,688,0.0,1,2025,No
928,2022-01-14,Token_Theft,Medium,TOTP,Strong,Standard_User,0,1095,0.0,0,2022,No
929,2025-10-12,Token_Theft,Medium,SMS,Moderate,Standard_User,0,1095,0.0,0,2025,No
930,2024-05-14,AiTM_Proxy,Low,TOTP,Moderate,Standard_User,0,1095,0.0,0,2024,No
931,2022-04-11,Token_Theft,Low,TOTP,Moderate,Standard_User,0,1095,0.0,0,2022,No
932,2025-10-22,Phishing,Medium,SMS,Moderate,Standard_User,0,1095,0.0,0,2025,No
933,2021-10-07,SIM_Swap,High,NO_MFA,Weak,Standard_User,0,1095,0.0,0,2021,No
934,2025-07-30,Token_Theft,Medium,TOTP,Moderate,Standard_User,0,1095,0.0,0,2025,No
935,2022-09-10,Token_Theft,Low,NO_MFA,Moderate,Standard_User,0,1095,0.0,0,2022,No
936,2021-04-28,AiTM_Proxy,Low,TOTP,Weak,Standard_User,0,1095,0.0,0,2021,No
937,2024-06-14,AiTM_Proxy,Low,TOTP,Moderate,Standard_User,0,1095,0.0,0,2024,No
938,2021-11-05,SIM_Swap,High,TOTP,Moderate,Standard_User,0,1095,0.0,0,2021,No
939,2025-01-19,Phishing,Low,SMS,Strong,Standard_User,0,1095,0.0,0,2025,No
940,2025-02-07,SIM_Swap,Medium,SMS,Weak,Standard_User,0,343,0.0,0,2025,No
256,2021-04-10,SIM_Swap,Low,SMS,Weak,Standard_User,1,1095,42000.0,0,2021,Yes
942,2021-09-18,Phishing,Medium,SMS,Moderate,Standard_User,0,1095,0.0,0,2021,No
943,2023-09-20,Phishing,Medium,SMS,Weak,Standard_User,0,1095,0.0,0,2023,No
944,2024-08-21,Phishing,Medium,SMS,Moderate,Standard_User,0,169,0.0,1,2024,No
945,2024-10-09,Phishing,Low,SMS,Moderate,Standard_User,0,1095,0.0,0,2024,No
946,2021-10-13,SIM_Swap,Low,SMS,Weak,Standard_User,0,1095,0.0,0,2021,No
947,2021-11-24,AiTM_Proxy,Low,SMS,Moderate,Standard_User,0,1095,0.0,0,2021,No
948,2024-02-01,AiTM_Proxy,High,SMS,Moderate,Standard_User,0,1095,0.0,0,2024,No
949,2021-03-04,Token_Theft,High,SMS,Moderate,Standard_User,0,184,0.0,1,2021,No
950,2022-11-18,AiTM_Proxy,Medium,SMS,Strong,Standard_User,0,1095,0.0,0,2022,No
951,2024-07-29,AiTM_Proxy,Medium,TOTP,Strong,Standard_User,0,1095,0.0,0,2024,No
952,2025-01-04,AiTM_Proxy,Medium,SMS,Moderate,Standard_User,0,1095,0.0,0,2025,No
953,2024-08-09,AiTM_Proxy,Low,SMS,Moderate,Admin,0,1095,0.0,0,2024,No
954,2023-01-08,Token_Theft,High,SMS,Moderate,Standard_User,0,1095,0.0,0,2023,No
955,2023-10-28,SIM_Swap,Low,SMS,Strong,Standard_User,0,1095,0.0,0,2023,No
956,2022-10-01,Phishing,Low,SMS,Moderate,Standard_User,0,1095,0.0,0,2022,No
957,2023-07-25,AiTM_Proxy,Medium,TOTP,Moderate,Standard_User,0,1095,0.0,0,2023,No
958,2024-01-21,SIM_Swap,Low,SMS,Strong,Standard_User,0,1095,0.0,0,2024,No
959,2024-04-28,AiTM_Proxy,Low,SMS,Weak,Standard_User,0,189,0.0,1,2024,No
960,2022-04-21,AiTM_Proxy,Medium,SMS,Strong,Standard_User,0,1095,0.0,1,2022,No
961,2025-03-15,Phishing,Low,TOTP,Weak,Standard_User,0,6,0.0,0,2025,No
962,2025-01-25,Phishing,Medium,SMS,Moderate,Standard_User,0,1095,0.0,0,2025,No
963,2021-02-22,Phishing,Low,SMS,Moderate,Standard_User,0,1095,0.0,0,2021,No
964,2023-01-24,AiTM_Proxy,Low,NO_MFA,Strong,Standard_User,0,1095,0.0,0,2023,No
965,2022-05-01,AiTM_Proxy,Low,SMS,Strong,Standard_User,0,1095,0.0,0,2022,No
966,2025-07-26,AiTM_Proxy,Low,SMS,Moderate,Standard_User,0,1095,0.0,0,2025,No
967,2025-02-22,Phishing,Medium,SMS,Moderate,Standard_User,0,156,0.0,1,2025,No
968,2024-10-19,Token_Theft,Low,SMS,Moderate,Standard_User,0,33,0.0,1,2024,No
969,2024-02-10,SIM_Swap,Medium,SMS,Strong,Standard_User,0,224,0.0,1,2024,No
970,2022-02-13,Token_Theft,Low,SMS,Moderate,Standard_User,0,1095,0.0,0,2022,No
971,2023-10-28,AiTM_Proxy,Medium,SMS,Moderate,Admin,0,35,0.0,1,2023,No
972,2025-11-01,AiTM_Proxy,High,SMS,Weak,Standard_User,0,1095,0.0,0,2025,No
973,2022-10-30,Token_Theft,Medium,SMS,Moderate,Standard_User,0,1095,0.0,0,2022,No
974,2024-05-05,AiTM_Proxy,Low,SMS,Moderate,Standard_User,0,1095,0.0,0,2024,No
975,2023-04-15,SIM_Swap,Low,SMS,Moderate,Standard_User,0,1095,0.0,0,2023,No
976,2023-05-26,AiTM_Proxy,Low,SMS,Weak,Standard_User,0,1095,0.0,0,2023,No
977,2025-10-25,SIM_Swap,Medium,SMS,Strong,Standard_User,0,1095,0.0,0,2025,No
978,2022-01-02,Token_Theft,Low,SMS,Weak,Standard_User,0,1095,0.0,0,2022,No
979,2023-09-29,Token_Theft,Low,SMS,Moderate,Standard_User,0,1095,0.0,0,2023,No
980,2021-09-07,AiTM_Proxy,Medium,NO_MFA,Strong,Standard_User,0,1095,0.0,0,2021,No
981,2025-06-07,SIM_Swap,Low,TOTP,Moderate,Standard_User,0,48,0.0,0,2025,No
982,2024-06-17,AiTM_Proxy,Medium,SMS,Weak,Standard_User,0,1095,0.0,0,2024,No
983,2022-01-15,Phishing,Low,TOTP,Moderate,Standard_User,0,1095,0.0,0,2022,No
984,2023-05-22,Phishing,Low,TOTP,Strong,Standard_User,0,1095,0.0,0,2023,No
985,2023-04-15,Phishing,Medium,SMS,Moderate,Standard_User,0,123,0.0,1,2023,No
986,2025-02-03,Phishing,Low,TOTP,Strong,Standard_User,0,443,0.0,1,2025,No
987,2023-02-14,AiTM_Proxy,Medium,SMS,Weak,Standard_User,0,1095,0.0,0,2023,No
988,2023-07-08,Phishing,Low,SMS,Moderate,Standard_User,0,1095,0.0,0,2023,No
989,2025-09-21,SIM_Swap,Low,SMS,Moderate,Standard_User,0,1095,0.0,0,2025,No
990,2022-03-31,Token_Theft,Medium,SMS,Strong,Standard_User,0,119,0.0,1,2022,No
991,2022-01-01,Token_Theft,Medium,SMS,Weak,Standard_User,0,1095,0.0,0,2022,No
992,2024-08-06,Phishing,Medium,SMS,Strong,Standard_User,0,28,0.0,1,2024,No
993,2022-02-07,Phishing,Low,TOTP,Moderate,Standard_User,0,1095,0.0,0,2022,No
994,2021-02-27,Phishing,Medium,TOTP,Moderate,Standard_User,0,1095,0.0,0,2021,No
995,2022-06-05,AiTM_Proxy,Low,SMS,Weak,Standard_User,0,1095,0.0,0,2022,No
996,2024-08-20,Token_Theft,Low,SMS,Strong,Standard_User,0,1095,0.0,0,2024,No
997,2024-02-13,Phishing,High,SMS,Weak,Standard_User,0,1095,0.0,0,2024,No
998,2021-07-29,SIM_Swap,Low,NO_MFA,Moderate,Standard_User,0,256,0.0,1,2021,No
999,2023-12-01,Phishing,High,SMS,Weak,Standard_User,0,125,0.0,0,2023,No
1000,2023-03-27,Token_Theft,Low,TOTP,Strong,Standard_User,0,1095,0.0,0,2023,No
